COD_SETOR,NUM_QUADRA,NUM_FACE,TOT_ENDERECOS,TOT_DOMICILIOS
270010205000003,4,4,4,2
270010205000003,5,1,5,4
270010205000004,2,2,1,1
270010205000004,2,3,0,0
270010205000004,13,1,2,0
270010205000015,3,8,14,10
270010205000015,3,10,1,1
270010205000015,4,2,2,1
270010205000015,5,1,2,2
270010205000022,4,3,2,2
270010205000039,3,1,1,1
270010205000062,1,3,4,3
270010205000062,1,4,4,4
270010205000062,5,3,0,0
270010205000079,3,6,0,0
270010205000079,5,1,8,7
270010205000079,19,2,0,0
270010205000080,12,2,7,6
270010205000080,13,1,6,6
270010205000081,11,3,19,8
270010205000081,11,7,11,10
270010205000083,12,1,0,0
270010205000084,12,6,4,4
270020105000004,1,2,0,0
270020105000006,3,1,2,2
270020105000007,6,4,1,1
270020105000008,10,3,5,5
270020105000008,10,4,5,4
270020105000009,8,3,1,1
270020105000012,2,5,7,6
270020105000015,3,5,0,0
270020105000015,4,1,1,0
270020105000015,5,1,0,0
270020105000021,4,2,13,5
270020105000021,4,5,1,0
270020105000021,5,3,0,0
270020105000021,11,4,4,3
270020105000027,2,1,1,0
270020105000031,7,3,1,1
270020105000031,7,5,2,2
270020105000031,7,11,5,4
270020105000031,7,12,3,3
270020105000031,8,4,3,3
270020105000031,8,9,4,4
270020105000031,9,7,2,2
270020105000031,10,1,4,4
270020105000031,10,2,1,0
270020105000031,16,4,3,1
270020105000031,16,5,5,5
270020105000031,18,3,1,1
270020105000031,19,2,1,1
270020105000032,16,1,2,2
270020105000032,22,1,1,1
270020105000032,23,9,1,1
270020105000032,25,1,2,2
270020105000036,1,10,0,0
270020105000036,1,14,0,0
270020105000036,2,6,10,9
270020105000036,10,6,1,1
270020105000037,7,9,9,9
270020105000037,7,11,9,8
270020105000037,8,3,1,0
270020105000037,9,4,1,0
270030005000002,1,2,1,0
270030005000002,6,5,1,0
270030005000004,3,1,1,1
270030005000004,3,2,2,0
270030005000004,3,3,11,0
270030005000004,3,4,1,0
270030005000004,3,5,0,0
270030005000004,3,6,2,0
270030005000004,6,4,2,2
270030005000025,1,5,3,3
270030005000025,1,7,0,0
270030005000026,7,4,0,0
270030005000031,3,2,2,0
270030005000042,1,4,2,2
270030005000045,7,3,6,6
270030005000046,17,4,1,0
270030005000051,6,4,38,34
270030005000051,9,4,15,15
270030005000051,11,4,12,11
270030005000052,4,2,0,0
270030005000052,14,1,11,9
270030005000052,14,2,1,0
270030005000052,14,3,0,0
270030005000052,14,4,20,16
270030005000052,17,1,0,0
270030005000055,8,3,0,0
270030005000055,22,2,0,0
270030005000055,36,4,0,0
270030005000055,40,4,8,8
270030005000055,44,2,1,0
270030005000055,45,14,0,0
270030005000055,46,1,0,0
270030005000055,47,1,0,0
270030005000055,48,4,0,0
270030005000055,49,4,6,5
270030005000055,50,4,4,4
270030005000056,22,4,0,0
270030005000057,9,4,3,2
270030005000057,17,4,7,6
270030005000057,18,4,6,6
270030005000058,1,17,0,0
270030005000058,1,20,7,6
270030005000058,1,23,16,15
270030005000058,2,10,1,0
270030005000062,5,2,0,0
270030005000073,7,1,0,0
270030005000073,8,5,0,0
270030005000073,15,10,9,9
270030005000073,16,4,7,5
270030005000073,17,4,8,7
270030005000073,18,4,4,4
270030005000074,13,4,5,4
270030005000074,14,4,10,7
270030005000074,15,4,13,11
270030005000074,16,4,6,6
270030005000076,5,14,2,2
270030005000085,1,3,0,0
270030005000090,1,1,9,9
270030005000091,2,5,12,11
270030005000091,2,6,7,7
270030005000091,3,3,12,12
270030005000091,3,4,4,4
270030005000091,11,13,24,23
270030005000091,12,14,36,30
270030005000091,13,4,7,7
270030005000093,2,9,1,1
270030005000093,2,15,1,0
270030005000094,6,2,1,1
270030005000095,9,4,3,3
270030005000095,10,4,5,5
270030005000096,10,4,8,6
270030005000096,11,4,5,4
270030005000097,1,4,25,19
270030005000097,10,4,23,17
270030005000098,6,1,0,0
270030005000098,16,4,15,13
270030005000102,8,3,1,1
270030005000104,3,9,1,1
270030005000110,9,1,0,0
270030005000117,22,1,0,0
270030005000117,22,2,0,0
270030005000118,36,1,9,8
270030005000118,36,2,1,1
270030005000118,36,3,10,8
270030005000118,36,4,1,1
270030005000118,37,1,3,3
270030005000118,37,2,1,1
270030005000118,37,3,5,3
270030005000118,37,4,0,0
270030005000118,38,1,0,0
270030005000118,38,2,0,0
270030005000118,38,3,5,5
270030005000118,38,4,0,0
270030005000118,39,1,0,0
270030005000118,39,2,0,0
270030005000118,39,3,4,4
270030005000118,39,4,0,0
270030005000118,40,1,0,0
270030005000118,40,2,0,0
270030005000118,40,3,1,1
270030005000118,40,4,1,1
270030005000118,41,1,0,0
270030005000118,41,2,0,0
270030005000118,41,3,0,0
270030005000118,41,4,0,0
270030005000124,1,18,1,1
270030005000124,2,1,3,2
270030005000124,2,2,8,8
270030005000124,2,3,4,4
270030005000124,2,4,8,8
270030005000124,2,5,7,7
270030005000124,2,6,4,4
270030005000124,2,7,14,14
270030005000124,2,8,2,2
270030005000124,2,9,2,2
270030005000124,2,10,2,2
270030005000124,2,11,5,2
270030005000124,5,1,18,15
270030005000124,5,2,1,0
270030005000124,5,3,5,3
270030005000124,5,4,8,7
270030005000124,7,1,12,8
270030005000124,7,2,0,0
270030005000124,7,3,7,6
270030005000124,7,4,12,6
270030005000124,8,1,0,0
270030005000124,8,2,1,0
270030005000124,10,12,6,6
270030005000124,19,3,0,0
270030005000132,13,1,0,0
270030005000132,13,2,12,12
270030005000132,13,3,0,0
270030005000132,13,4,13,13
270030005000132,14,1,0,0
270030005000132,14,2,14,14
270030005000132,14,3,0,0
270030005000132,14,4,0,0
270030005000132,15,1,0,0
270030005000132,15,2,8,5
270030005000132,15,3,0,0
270030005000132,15,4,6,5
270030005000132,16,1,0,0
270030005000132,16,2,17,17
270030005000132,16,3,0,0
270030005000132,16,4,7,6
270030005000151,5,1,0,0
270030005000157,8,1,0,0
270030005000157,8,2,0,0
270030005000157,9,3,1,0
270030005000169,1,1,11,10
270030005000169,1,2,3,3
270030005000169,1,3,13,11
270030005000169,1,4,2,2
270030005000169,2,1,9,8
270030005000169,2,2,0,0
270030005000169,2,3,14,13
270030005000169,2,4,8,7
270030005000169,3,1,8,4
270030005000169,3,2,0,0
270030005000169,3,3,22,15
270030005000169,3,4,4,3
270030005000177,1,1,0,0
270030005000184,1,1,0,0
270030005000185,1,1,0,0
270030005000185,2,1,1,1
270030005000185,3,1,1,0
270030005000185,4,1,0,0
270030005000185,5,1,0,0
270030005000185,6,1,0,0
270030005000186,4,1,0,0
270030005000189,14,1,0,0
270030005000189,14,3,0,0
270030005000190,1,46,0,0
270030005000190,2,1,0,0
270030005000190,2,2,0,0
270030005000190,2,3,0,0
270030005000191,1,8,0,0
270030005000191,1,12,0,0
270030005000191,2,3,2,2
270030005000196,1,6,1,1
270030005000196,1,8,1,1
270030005000196,1,18,0,0
270030005000196,1,24,0,0
270030005000196,1,29,4,0
270030005000196,1,30,23,22
270030005000196,6,4,26,23
270030005000196,7,4,12,12
270030005000196,8,4,17,17
270030005000196,9,7,4,3
270030005000196,10,4,19,19
270030005000197,3,1,2,0
270030005000198,20,3,1,1
270030005000198,23,4,1,1
270030005000198,28,1,1,0
270030005000198,28,2,1,0
270030005000198,28,4,1,0
270030005000205,1,10,0,0
270030005000205,1,11,0,0
270030005000206,7,17,0,0
270030005000212,3,4,1,1
270030005000215,4,7,4,4
270030005000215,5,3,1,1
270030005000215,7,3,1,1
270030005000215,7,4,0,0
270030005000215,8,7,0,0
270030005000215,9,4,1,1
270030005000216,1,4,0,0
270030005000220,1,13,0,0
270030005000221,1,15,2,0
270030005000223,4,1,0,0
270030005000224,7,4,0,0
270030005000224,11,1,0,0
270030005000224,20,3,1,1
270030005000226,1,22,8,8
270030005000229,1,3,0,0
270030005000229,4,4,0,0
270030005000229,10,3,0,0
270030005000229,12,4,0,0
270030005000229,13,1,0,0
270030005000229,13,3,0,0
270030005000229,14,2,0,0
270030005000238,7,2,0,0
270030005000240,2,1,0,0
270030005000240,2,2,3,3
270030005000240,2,3,0,0
270030005000240,2,4,0,0
270030005000240,3,2,0,0
270030005000240,3,3,1,0
270030005000240,3,4,2,2
270030005000240,3,5,0,0
270030005000240,3,7,1,0
270030005000240,3,8,0,0
270030005000240,3,9,1,0
270030005000240,3,10,2,2
270030005000240,3,14,0,0
270030005000240,3,15,2,2
270030005000240,23,1,0,0
270030005000240,23,2,0,0
270030005000240,23,3,35,35
270030005000240,23,4,0,0
270030005000240,23,5,19,19
270030005000240,23,6,14,14
270030005000240,23,7,2,2
270030005000240,23,8,8,8
270030005000240,23,9,14,13
270030005000240,23,10,0,0
270030005000240,23,11,13,13
270030005000240,23,12,12,12
270030005000240,23,13,3,2
270030005000240,23,14,9,8
270030005000240,23,15,13,11
270030005000240,23,16,0,0
270030005000240,23,17,9,7
270030005000240,23,26,0,0
270030005000240,23,34,0,0
270030005000240,23,35,1,0
270030005000248,9,7,0,0
270030005000252,37,3,0,0
270030005000252,40,1,0,0
270030005000253,9,2,0,0
270030005000256,1,3,5,4
270030005000260,3,4,7,6
270030005000260,12,3,3,2
270030005000260,13,2,4,4
270030005000264,11,1,0,0
270030005000266,4,5,1,1
270030005000273,2,4,14,14
270030005000273,4,2,0,0
270030005000273,5,1,0,0
270030005000274,25,5,4,4
270030005000280,1,10,5,5
270030005000280,3,2,3,3
270030005000280,11,2,4,4
270030005000284,13,1,2,2
270030005000284,14,1,0,0
270030005000284,15,1,0,0
270030005000284,16,1,1,1
270030005000290,15,5,0,0
270030005000290,15,6,0,0
270030005000290,15,7,0,0
270030005000290,15,8,3,3
270030005000290,17,1,0,0
270030005000290,17,2,5,5
270030005000290,17,3,0,0
270030005000290,17,4,6,6
270030005000290,18,1,0,0
270030005000290,18,2,0,0
270030005000290,18,3,0,0
270030005000290,18,4,0,0
270030005000290,20,2,0,0
270030005000290,21,3,8,5
270030005000292,7,1,0,0
270030005000292,8,1,0,0
270030005000292,9,1,0,0
270030005000295,14,40,2,2
270030005000301,9,3,0,0
270030005000301,16,11,0,0
270030005000301,17,1,0,0
270030005000301,18,5,5,5
270030005000304,6,4,3,3
270030005000306,1,3,0,0
270030005000306,3,4,0,0
270030005000306,3,5,0,0
270030005000307,2,5,0,0
270030005000311,4,14,0,0
270030005000318,3,3,0,0
270030005000332,6,1,12,11
270030005000335,1,1,10,7
270030005000338,22,1,2,2
270030005000352,2,7,12,12
270030005000358,3,3,0,0
270030005000368,3,1,12,12
270030005000377,1,2,0,0
270030005000377,6,1,0,0
270030005000377,6,2,10,9
270030005000378,1,4,0,0
270030005000387,1,4,0,0
270030005000388,54,5,0,0
270030005000388,55,4,1,0
270030005000388,56,4,1,1
270030005000388,57,4,0,0
270030005000397,5,4,0,0
270030005000402,14,1,1,1
270030005000415,4,1,18,18
270030005000418,1,1,17,16
270030005000418,1,2,0,0
270030005000418,1,3,26,24
270030005000418,2,1,0,0
270030005000418,2,2,2,2
270030005000418,2,3,11,8
270030005000418,2,4,0,0
270030005000418,3,6,0,0
270030005000418,3,7,3,3
270030005000418,3,8,1,1
270030005000418,3,9,0,0
270030005000418,3,10,2,2
270030005000418,3,11,3,2
270030005000418,3,12,3,2
270030005000418,3,13,0,0
270030005000418,4,1,0,0
270030005000418,4,2,13,12
270030005000418,4,3,0,0
270030005000418,4,4,14,14
270030005000418,5,1,2,0
270030005000418,5,2,7,7
270030005000418,5,3,0,0
270030005000418,5,4,13,13
270030005000418,6,1,1,0
270030005000418,6,2,10,8
270030005000418,6,3,1,1
270030005000418,6,4,6,4
270030005000418,9,1,0,0
270030005000418,9,2,12,10
270030005000418,9,3,0,0
270030005000418,9,4,11,10
270030005000418,10,1,8,6
270030005000418,10,2,1,0
270030005000418,10,3,2,1
270030005000418,10,4,0,0
270030005000418,10,5,0,0
270030005000418,10,6,0,0
270030005000418,10,7,13,12
270030005000418,10,8,0,0
270030005000418,10,9,3,3
270030005000418,10,10,5,3
270030005000418,10,11,3,1
270030005000418,10,12,3,3
270030005000418,11,1,2,1
270030005000418,11,10,10,10
270030005000418,12,2,0,0
270030005000421,2,9,0,0
270030005000425,1,2,0,0
270030005000425,1,3,3,2
270030005000430,54,1,4,4
270030005000430,55,1,6,6
270030005000435,2,3,0,0
270030005000439,1,18,0,0
270030005000439,7,1,0,0
270030005000439,7,2,0,0
270030005000439,7,4,1,0
270030005000441,37,4,4,4
270030005000441,39,4,0,0
270030005000441,40,4,6,6
270030005000445,7,1,1,1
270030005000445,11,1,1,1
270030005000447,24,10,0,0
270030005000447,26,4,0,0
270030005000459,1,2,0,0
270030005000459,1,3,0,0
270030005000459,11,2,0,0
270030005000459,30,4,6,5
270030005000459,31,4,5,5
270030005000459,32,4,5,4
270040905000003,7,8,0,0
270040905000003,7,9,4,4
270040905000005,6,1,1,0
270040905000005,6,2,0,0
270040905000005,6,4,0,0
270040905000005,7,1,4,3
270040905000005,7,2,0,0
270040905000005,7,3,3,1
270040905000005,7,4,0,0
270040905000006,20,7,0,0
270040905000006,21,1,0,0
270040905000006,21,9,2,2
270040905000006,33,13,4,1
270040905000010,10,3,1,1
270040905000010,14,2,0,0
270040905000010,21,3,0,0
270040905000010,24,4,0,0
270040905000011,4,7,0,0
270040905000013,1,5,11,11
270040905000013,1,6,12,12
270040905000016,1,1,18,18
270040905000016,1,2,16,16
270040905000016,1,3,12,12
270040905000016,1,4,1,1
270040905000016,1,5,5,5
270040905000016,1,6,7,7
270040905000016,1,7,0,0
270040905000016,1,8,0,0
270040905000016,1,9,0,0
270040905000016,1,10,0,0
270040905000016,1,12,0,0
270040905000016,1,13,0,0
270040905000016,1,14,12,12
270040905000016,1,15,5,5
270040905000016,8,1,1,1
270040905000016,8,2,2,2
270040905000016,8,3,1,1
270040905000016,8,4,2,2
270040905000016,8,5,1,1
270040905000016,8,6,0,0
270040905000016,8,7,9,9
270040905000016,8,8,8,8
270040905000016,8,9,8,8
270040905000016,8,10,1,0
270040905000016,9,1,4,4
270040905000016,9,2,0,0
270040905000016,9,3,3,0
270040905000016,9,4,0,0
270040905000016,9,5,0,0
270040905000016,9,6,2,2
270040905000016,9,7,0,0
270040905000016,9,8,28,28
270040905000016,9,10,12,12
270040905000017,1,1,0,0
270040905000017,1,2,0,0
270040905000017,1,3,0,0
270040905000017,2,1,11,11
270040905000017,2,2,3,2
270040905000017,2,3,9,7
270040905000017,3,1,17,15
270040905000017,3,2,0,0
270040905000017,3,3,18,18
270040905000017,3,4,6,5
270040905000017,4,1,0,0
270040905000017,4,2,0,0
270040905000017,4,3,7,5
270040905000017,4,4,0,0
270040905000017,5,1,4,4
270040905000017,5,2,4,4
270040905000017,5,3,1,1
270040905000017,6,1,0,0
270040905000017,6,2,3,3
270040905000017,6,3,5,3
270040905000017,6,4,5,5
270040905000017,7,1,5,3
270040905000017,7,2,10,9
270040905000017,7,3,12,12
270040905000017,8,1,12,12
270040905000017,8,2,12,11
270040905000017,8,3,3,3
270040905000017,8,4,13,13
270040905000017,9,1,5,4
270040905000017,9,2,15,14
270040905000017,9,3,5,5
270040905000017,9,4,26,26
270040905000017,10,5,3,3
270040905000017,11,1,0,0
270040905000017,13,2,2,2
270040905000020,1,1,0,0
270040905000020,8,4,2,2
270040905000020,9,1,8,8
270040905000020,9,2,7,6
270040905000021,9,2,0,0
270040905000021,10,2,0,0
270040905000021,13,2,0,0
270040905000021,13,3,0,0
270040905000021,13,4,0,0
270040905000021,14,2,0,0
270040905000021,14,5,0,0
270040905000021,14,6,0,0
270040905000021,15,2,0,0
270040905000021,15,3,0,0
270040905000021,15,4,0,0
270040905000021,16,2,0,0
270040905000021,16,3,0,0
270040905000021,17,1,0,0
270040905000021,17,3,0,0
270040905000021,18,2,0,0
270040905000021,18,3,0,0
270040905000021,18,4,0,0
270040905000021,19,2,0,0
270040905000021,19,4,0,0
270040905000021,20,1,0,0
270040905000021,20,2,0,0
270040905000021,20,3,0,0
270040905000021,21,1,0,0
270040905000021,21,3,0,0
270040905000021,21,4,0,0
270040905000021,22,2,0,0
270040905000021,22,4,0,0
270040905000021,23,2,0,0
270040905000021,24,1,4,4
270040905000021,25,1,0,0
270040905000021,25,2,0,0
270040905000021,25,5,0,0
270040905000021,25,7,0,0
270040905000021,25,8,0,0
270040905000024,6,2,0,0
270040905000026,2,1,0,0
270040905000026,2,2,0,0
270040905000026,2,3,0,0
270040905000026,2,4,0,0
270040905000026,3,6,0,0
270040905000028,7,1,7,5
270040905000028,7,2,0,0
270040905000028,7,7,2,2
270040905000028,21,8,1,1
270040905000028,21,10,0,0
270040905000031,5,3,0,0
270040905000036,9,2,2,2
270040905000036,9,3,1,0
270040905000036,9,4,1,0
270040905000036,9,6,5,4
270040905000037,8,4,0,0
270040905000037,13,1,0,0
270040905000037,14,2,12,10
270040905000037,14,4,2,2
270040905000041,13,1,0,0
270040905000046,9,3,13,5
270040905000046,10,1,0,0
270040910000001,3,3,0,0
270040910000001,4,1,0,0
270040910000001,4,2,0,0
270040910000001,5,1,0,0
270040910000001,5,2,0,0
270040910000001,5,3,0,0
270040910000003,13,3,1,1
270040910000003,13,4,0,0
270040910000003,15,5,0,0
270040910000004,1,8,0,0
270040910000004,2,1,0,0
270040910000004,2,2,0,0
270040910000004,2,3,0,0
270040910000004,2,4,5,4
270040910000004,3,4,7,6
270040910000004,3,5,1,1
270040910000004,3,6,7,6
270040910000004,3,7,0,0
270040910000004,3,8,0,0
270040910000004,3,9,20,18
270040910000004,3,10,23,22
270040910000004,3,11,2,0
270040910000004,4,1,6,6
270040910000004,4,2,7,7
270040910000004,4,3,5,5
270040910000004,4,4,19,12
270040910000004,4,5,18,12
270040910000004,5,1,19,18
270040910000004,5,2,26,24
270040910000004,5,3,0,0
270040910000004,5,4,0,0
270040910000004,5,5,0,0
270040910000004,5,6,9,8
270040910000004,5,7,8,7
270040910000004,5,8,6,5
270040910000004,5,9,2,1
270040910000004,5,10,13,13
270040910000004,5,11,10,9
270040910000004,5,12,7,7
270040910000004,5,13,6,6
270040910000004,6,1,0,0
270040910000004,6,2,15,15
270040910000004,6,3,13,13
270040910000004,6,4,1,1
270040910000005,1,17,10,10
270040910000005,1,18,1,1
270040910000005,2,1,2,2
270040910000005,3,8,0,0
270040910000005,4,1,0,0
270040910000005,5,6,2,2
270040910000005,5,9,0,0
270040910000008,1,3,26,25
270040910000008,5,2,0,0
270040910000008,5,3,0,0
270040910000009,1,1,23,21
270040910000009,1,2,3,3
270040910000009,1,3,12,9
270040910000009,1,4,0,0
270040910000009,3,1,0,0
270040910000009,3,2,1,1
270040910000009,3,3,9,8
270040910000009,3,4,0,0
270040910000009,4,1,0,0
270040910000009,4,2,0,0
270040910000009,4,3,4,4
270040910000009,4,4,2,2
270040910000009,4,5,0,0
270040910000009,4,6,9,8
270040910000009,4,7,45,44
270040910000009,5,3,2,2
270040910000009,5,4,3,3
270040910000009,5,5,2,1
270040910000009,5,6,5,3
270040910000009,5,7,2,2
270040910000009,5,8,0,0
270040910000009,6,1,0,0
270040910000009,6,2,6,6
270040910000009,6,3,7,6
270040910000009,6,4,2,2
270040910000009,7,1,1,1
270040910000009,7,2,6,5
270040910000009,7,3,16,16
270040910000009,7,4,6,6
270040910000009,7,5,7,5
270040910000009,7,6,14,14
270040910000009,8,1,8,7
270040910000009,8,2,1,0
270040910000009,8,3,0,0
270040910000009,8,4,9,8
270040910000009,8,5,0,0
270040910000009,8,6,1,1
270040910000009,8,7,3,2
270040910000009,8,8,7,5
270040910000009,9,1,0,0
270040910000009,9,2,3,3
270040910000014,1,1,33,19
270040910000014,3,6,14,10
270040910000015,1,1,0,0
270040910000015,10,4,0,0
270040910000016,3,5,16,16
270040910000018,3,2,1,1
270040910000018,3,3,0,0
270040910000018,3,4,0,0
270040910000018,4,9,5,2
270040910000020,3,6,2,2
270040910000020,3,7,0,0
270040910000020,4,1,18,18
270040910000020,4,2,14,8
270040910000020,4,4,6,6
270040910000020,4,5,0,0
270040910000020,4,6,0,0
270040910000020,4,7,0,0
270040910000020,4,8,0,0
270040910000020,4,9,0,0
270040910000020,4,10,0,0
270040910000020,5,1,13,13
270040910000020,6,1,7,6
270040910000020,6,2,11,9
270040910000020,6,3,6,5
270040910000020,6,4,4,4
270040910000020,6,6,7,7
270040910000020,7,1,3,3
270040910000020,7,3,0,0
270040910000020,7,4,4,4
270040910000020,8,1,11,11
270040910000020,9,1,1,1
270040910000020,9,2,0,0
270040910000020,9,3,0,0
270040910000020,9,4,15,14
270040910000020,9,5,0,0
270040910000020,9,6,0,0
270040910000020,9,7,4,4
270040910000020,9,8,5,4
270040910000020,10,1,7,7
270040910000020,10,2,22,22
270040910000020,10,3,0,0
270040910000020,10,4,0,0
270050805000032,1,2,1,0
270050805000032,1,3,8,8
270050805000032,2,4,4,4
270050805000032,3,4,2,2
270050805000032,4,2,4,4
270050805000032,4,5,7,7
270050805000032,4,6,2,2
270050805000032,4,7,5,5
270050805000032,5,1,7,7
270050805000032,6,1,5,5
270050805000032,6,2,27,24
270050805000032,8,3,6,6
270050805000032,9,1,10,10
270050805000032,9,2,1,1
270050805000032,9,3,2,2
270050805000032,10,1,12,12
270050805000032,10,3,54,49
270050805000032,10,4,10,9
270050805000032,10,5,11,11
270050805000032,10,7,3,3
270050805000032,10,8,1,1
270050805000032,11,1,1,1
270050805000032,12,1,8,7
270050805000032,12,4,3,2
270050805000032,13,3,1,1
270050805000032,13,4,3,3
270050805000032,14,2,1,1
270050805000032,14,3,11,8
270050805000032,15,6,1,1
270060705000002,33,1,0,0
270060705000003,18,1,1,0
270060705000009,3,6,6,6
270060705000009,5,6,0,0
270060705000010,2,2,2,0
270060705000010,4,4,0,0
270060705000010,4,5,0,0
270060705000018,25,2,1,0
270060705000018,25,3,0,0
270060705000018,25,4,0,0
270060705000022,9,3,0,0
270100105000001,6,4,0,0
270100105000001,12,4,1,1
270100105000002,7,2,8,6
270100105000002,22,1,1,1
270100105000003,14,2,4,1
270100105000003,14,3,5,3
270100105000003,21,7,6,3
270100105000003,21,8,7,2
270100105000003,22,7,10,8
270100105000003,22,8,1,1
270100105000003,23,7,2,1
270100105000004,11,1,2,2
270100105000005,10,2,3,2
270100105000005,10,3,8,7
270100105000005,11,1,3,3
270100105000005,13,1,14,12
270100105000005,16,3,3,3
270100105000006,8,6,2,2
270100105000006,9,2,2,2
270100105000006,9,4,2,2
270100105000006,14,1,1,1
270100105000006,14,2,1,1
270100105000006,14,3,4,4
270100105000006,14,5,4,4
270100105000006,15,2,4,4
270100105000006,15,4,4,4
270100105000006,16,2,4,4
270100105000006,16,4,3,3
270100105000006,17,2,2,2
270100105000009,4,14,0,0
270100105000009,5,3,0,0
270100105000009,5,4,0,0
270100105000009,8,3,35,22
270100105000009,25,3,0,0
270100105000009,27,6,0,0
270100105000009,37,17,1,1
270100105000009,58,2,1,0
270100105000011,3,6,0,0
270100105000017,1,1,0,0
270100105000017,1,2,9,9
270100105000017,1,3,0,0
270100105000017,1,4,8,8
270100105000017,2,1,0,0
270100105000017,2,2,0,0
270100105000017,2,3,0,0
270100105000017,2,4,11,11
270100105000017,3,1,0,0
270100105000017,3,4,12,11
270100105000017,4,2,16,15
270100105000017,4,5,5,5
270100105000017,4,6,0,0
270100105000017,4,7,0,0
270100105000017,5,2,0,0
270100105000017,5,3,1,1
270100105000017,5,4,47,43
270100105000017,6,2,0,0
270100105000017,7,1,0,0
270100105000017,7,2,1,0
270100105000017,7,3,26,25
270100105000017,7,4,3,2
270100105000017,8,1,3,2
270100105000017,8,2,6,6
270100105000017,8,3,0,0
270100105000017,8,4,0,0
270100105000017,9,1,0,0
270100105000017,9,2,0,0
270100105000017,10,1,0,0
270100105000017,10,2,14,12
270100105000017,10,3,20,19
270100105000017,10,4,18,18
270100105000017,10,5,5,5
270100105000017,11,1,4,3
270100105000017,11,2,1,1
270100105000017,11,3,5,5
270100105000019,1,1,19,15
270100105000019,1,2,0,0
270100105000019,3,1,0,0
270100105000019,3,2,0,0
270100105000019,5,4,0,0
270100105000019,5,5,0,0
270100105000019,6,1,1,0
270100105000019,6,2,0,0
270100105000019,8,1,2,2
270100105000019,8,2,47,38
270100105000024,5,2,0,0
270100105000024,5,3,0,0
270100105000024,6,1,0,0
270100105000024,12,1,9,9
270100105000024,12,2,0,0
270100105000024,12,3,4,4
270100105000025,12,7,0,0
270100105000025,13,4,2,2
270100105000025,14,4,1,1
270100105000025,15,4,2,1
270100105000025,16,1,1,1
270100105000025,17,1,2,2
270100105000027,15,1,0,0
270100105000028,18,1,1,0
270100105000028,18,2,1,1
270100105000028,19,1,9,6
270100105000032,13,2,1,0
270100105000032,14,3,8,6
270100105000033,8,1,2,0
270100105000033,8,9,3,2
270100105000033,20,1,9,9
270100105000033,25,4,3,3
270130805000014,1,2,2,2
270130805000014,1,3,1,1
270130805000014,1,4,4,4
270130805000014,1,5,7,7
270130805000014,1,6,2,2
270130805000014,2,1,13,13
270130805000014,2,2,2,2
270130805000014,2,3,0,0
270130805000014,3,1,12,12
270130805000014,3,2,2,2
270130805000014,3,3,2,2
270130805000014,4,1,4,3
270130805000014,4,2,1,1
270130805000014,5,1,1,1
270130805000014,6,1,1,1
270130805000014,6,2,0,0
270130805000014,7,1,7,7
270130805000014,7,2,12,11
270130805000014,7,3,0,0
270130805000014,8,1,0,0
270130805000014,8,2,9,9
270130805000014,8,3,0,0
270130805000014,9,1,0,0
270130805000014,9,2,0,0
270130805000014,10,1,0,0
270130805000014,10,2,0,0
270130805000014,10,3,0,0
270130805000014,11,3,0,0
270130805000014,12,1,0,0
270130805000014,12,2,0,0
270130805000014,12,3,0,0
270130805000014,12,4,4,4
270130805000014,13,1,0,0
270130805000014,13,2,0,0
270130805000014,13,3,0,0
270130805000014,14,1,2,2
270130805000014,14,2,2,1
270130805000014,14,3,0,0
270130805000014,15,1,6,6
270140705000023,4,1,1,0
270140705000023,4,2,0,0
270140705000023,4,3,1,0
270140705000023,4,4,0,0
270140705000023,4,5,0,0
270140705000023,4,6,1,0
270140705000023,4,7,1,0
270140705000023,4,8,1,0
270140705000023,4,9,10,10
270140705000023,4,10,13,13
270140705000023,4,11,20,20
270140705000023,5,1,0,0
270140705000023,5,2,0,0
270140705000023,5,3,12,9
270140705000023,5,4,0,0
270140705000023,5,5,25,16
270140705000023,6,1,1,0
270140705000023,6,2,3,0
270140705000023,6,3,0,0
270140705000023,6,4,10,9
270140705000039,1,5,0,0
270140705000048,10,3,5,2
270140705000048,10,5,5,3
270140705000049,3,1,4,0
270140705000049,3,3,4,0
270140705000049,6,1,4,0
270140705000056,2,1,1,0
270140705000056,4,1,4,3
270140705000060,11,3,0,0
270140705000060,12,1,0,0
270140705000060,12,2,9,7
270140705000060,12,4,4,1
270140705000060,19,1,0,0
270140705000060,19,2,1,0
270140705000060,19,3,0,0
270140705000060,19,4,0,0
270140705000061,4,2,1,1
270140705000061,4,4,12,12
270140705000064,6,1,4,4
270140705000064,17,2,1,1
270140705000069,13,3,1,0
270140705000076,16,2,3,0
270140705000077,15,4,1,0
270140705000077,16,3,6,3
270140705000077,16,4,4,4
270140705000083,14,11,3,2
270140705000085,1,1,1,1
270140705000085,1,3,1,0
270140705000085,1,4,2,1
270140705000085,1,7,28,23
270140705000085,1,9,1,1
270140705000085,2,4,10,10
270140705000085,3,1,4,2
270140705000085,3,2,3,3
270140705000085,3,3,6,6
270140705000085,3,4,3,2
270140705000085,4,1,6,6
270140705000085,4,2,2,2
270140705000085,4,3,1,0
270140705000085,4,4,1,1
270140705000085,5,1,6,6
270140705000085,5,2,1,1
270140705000085,5,3,3,3
270140705000085,5,4,7,7
270140705000085,6,1,2,2
270140705000085,6,3,10,10
270140705000085,6,4,6,5
270140705000085,6,7,1,1
270140705000085,6,9,13,12
270140705000085,6,10,2,1
270140705000085,6,11,6,6
270140705000085,6,12,2,2
270140705000085,6,14,2,2
270140705000085,6,16,1,1
270140705000085,6,17,2,2
270140705000085,6,18,1,0
270140705000085,6,20,5,4
270140705000085,6,22,1,1
270140705000085,6,23,3,3
270140705000085,6,24,3,3
270140705000085,6,26,3,3
270140705000085,6,27,6,6
270140705000085,6,28,5,5
270140705000085,6,30,5,5
270140705000085,6,32,5,3
270140705000085,6,35,2,1
270140705000085,6,36,8,6
270140705000087,2,1,31,27
270140705000087,2,3,40,29
270160505000001,19,1,0,0
270160505000003,1,3,4,2
270160505000003,14,1,4,0
270160505000003,16,1,1,0
270160505000006,3,1,12,9
270160505000006,5,2,30,17
270160505000006,10,6,24,22
270160505000020,48,2,0,0
270160505000022,15,1,1,0
270160505000022,16,1,2,0
270160505000022,23,1,1,0
270160505000022,30,4,0,0
270160505000022,31,1,0,0
270160505000023,2,3,1,0
270160505000033,41,1,23,23
270160505000033,41,2,10,8
270160505000038,5,2,0,0
270160505000039,1,4,2,2
270160505000039,2,1,0,0
270160505000040,7,2,0,0
270160505000040,7,3,0,0
270160505000047,3,3,0,0
270160505000047,15,1,0,0
270170405000001,10,2,5,5
270170405000003,6,2,0,0
270170405000003,6,6,0,0
270170405000003,9,4,0,0
270170405000003,13,1,0,0
270170405000005,6,3,0,0
270170405000006,6,12,0,0
270170405000009,6,5,0,0
270170405000009,7,1,0,0
270170405000009,14,2,0,0
270170405000009,16,1,0,0
270170405000009,18,1,0,0
270170405000012,2,1,0,0
270170405000012,2,3,13,8
270170405000012,2,4,0,0
270170405000012,4,4,0,0
270170405000012,4,5,1,0
270170405000012,15,3,0,0
270170405000014,6,2,4,3
270170405000014,7,2,4,4
270170405000014,7,3,25,22
270170405000022,5,2,0,0
270170405000022,5,4,0,0
270170405000022,5,5,0,0
270170405000022,5,7,0,0
270170405000022,5,8,0,0
270170405000022,5,10,0,0
270170405000022,5,11,0,0
270170410000001,1,1,2,1
270170410000001,11,1,10,9
270170410000001,14,6,1,1
270170410000001,14,7,2,2
270170410000001,14,8,3,3
270170410000001,14,9,1,1
270190205000001,4,3,5,4
270190205000010,2,1,21,21
270190205000010,2,2,0,0
270200905000003,17,3,0,0
270200905000024,2,2,0,0
270200905000024,3,1,1,1
270200905000025,4,2,0,0
270220705000004,4,5,6,6
270230605000001,1,3,0,0
270230605000001,3,2,0,0
270230605000001,3,3,0,0
270230605000001,3,4,0,0
270230605000001,7,3,0,0
270230605000001,7,4,1,0
270230605000001,8,3,10,4
270230605000001,9,2,0,0
270230605000001,9,3,0,0
270230605000001,9,4,0,0
270230605000003,8,2,0,0
270230605000003,8,3,0,0
270230605000003,8,4,0,0
270230605000003,8,5,0,0
270230605000005,1,2,7,7
270230605000005,6,5,0,0
270230605000006,3,2,1,1
270230605000006,3,3,2,2
270230605000006,3,11,1,1
270230605000008,1,6,1,0
270230605000009,1,14,3,0
270230605000009,1,20,6,2
270230605000010,3,2,0,0
270230605000010,20,2,1,1
270230605000010,20,5,0,0
270230605000012,1,20,0,0
270230605000013,4,1,0,0
270230605000015,3,2,9,9
270230605000020,1,9,7,3
270230605000022,11,1,0,0
270230605000027,6,2,1,1
270230605000033,1,1,4,4
270230605000033,3,2,3,0
270230605000040,2,5,2,2
270230605000041,4,1,0,0
270230605000042,9,5,0,0
270230605000043,6,3,1,0
270230605000046,2,2,0,0
270230605000049,7,8,0,0
270230605000049,7,9,0,0
270230605000049,15,6,0,0
270230605000049,15,8,0,0
270230605000051,10,3,2,0
270230605000053,5,1,0,0
270230605000054,16,4,0,0
270230605000054,17,5,0,0
270230605000055,5,3,3,3
270230605000055,5,5,1,1
270230605000055,5,12,0,0
270230605000058,9,7,1,1
270230605000062,1,10,7,7
270230605000069,8,4,0,0
270230605000090,13,2,0,0
270230605000090,13,3,0,0
270230610000005,7,2,1,0
270230610000005,7,3,0,0
270230610000005,7,4,0,0
270240505000006,11,2,0,0
270240505000017,3,3,0,0
270240505000017,3,4,0,0
270240505000017,24,2,0,0
270240505000019,7,1,0,0
270240505000019,8,3,0,0
270240505000020,5,3,0,0
270240505000020,6,3,0,0
270240505000020,7,3,0,0
270240505000020,8,3,0,0
270240505000020,9,2,0,0
270240505000020,10,2,0,0
270240505000021,4,3,0,0
270240505000021,12,4,1,1
270240505000021,14,4,0,0
270240505000022,6,3,0,0
270240505000022,13,3,0,0
270240505000022,16,2,0,0
270240505000041,3,3,0,0
270240505000044,1,2,0,0
270240505000044,1,3,1,1
270240505000044,1,4,0,0
270240505000044,5,3,15,5
270240505000051,8,1,0,0
270240505000051,8,2,1,1
270240505000051,8,3,0,0
270240505000079,32,2,13,8
270240505000079,35,2,1,0
270240505000088,26,1,2,1
270240505000088,26,2,0,0
270240505000088,26,6,0,0
270240505000089,10,3,1,1
270240505000090,6,3,0,0
270240505000096,2,5,0,0
270240505000097,3,5,0,0
270240505000097,9,5,0,0
270240505000109,11,4,0,0
270260305000001,13,2,0,0
270260305000001,13,3,0,0
270260305000001,14,2,0,0
270260305000001,14,3,0,0
270260305000001,14,4,0,0
270260305000001,15,2,0,0
270260305000001,15,3,1,0
270260305000001,15,4,0,0
270260305000001,16,2,0,0
270260305000001,16,3,0,0
270260305000001,16,4,0,0
270260305000001,17,2,0,0
270260305000001,17,3,0,0
270260305000001,17,4,0,0
270260305000001,18,2,0,0
270260305000001,18,3,0,0
270260305000001,18,4,0,0
270260305000002,12,2,0,0
270260305000002,12,3,0,0
270260305000003,1,2,7,7
270260305000003,10,3,0,0
270260305000003,10,4,0,0
270260305000004,4,4,4,2
270260305000005,1,12,16,14
270260305000007,2,9,0,0
270260305000009,6,1,0,0
270260305000009,6,2,0,0
270260305000009,6,3,0,0
270260305000009,6,4,0,0
270260305000009,7,2,0,0
270260305000009,7,3,0,0
270260305000009,7,4,2,0
270260305000009,8,1,0,0
270260305000009,8,2,0,0
270260305000009,8,3,1,0
270260305000009,8,4,0,0
270260305000026,2,1,15,12
270260305000029,2,1,7,7
270260305000046,1,2,7,7
270260305000053,1,3,5,4
270260305000069,2,3,0,0
270260305000071,2,2,1,0
270280105000003,6,7,1,1
270280105000003,6,9,2,2
270280105000006,1,4,2,0
270280105000007,1,3,4,3
270280105000007,12,2,0,0
270280105000007,13,1,0,0
270280105000007,15,1,0,0
270280105000007,15,2,0,0
270280105000007,15,3,0,0
270280105000013,1,9,0,0
270280105000013,3,4,0,0
270280105000013,6,6,0,0
270280105000013,6,10,0,0
270280105000013,9,5,0,0
270280105000013,9,6,0,0
270280105000013,9,7,0,0
270280105000013,10,1,0,0
270280105000013,10,2,0,0
270280105000013,10,3,0,0
270290005000001,7,3,0,0
270290005000001,8,2,0,0
270290005000001,8,3,0,0
270290005000001,10,1,0,0
270290005000003,8,3,0,0
270290005000003,8,4,0,0
270290005000003,9,1,7,5
270290005000003,9,2,1,1
270290005000003,11,1,0,0
270290005000003,11,2,2,2
270290005000003,11,3,3,2
270290005000003,12,1,2,0
270290005000006,13,2,0,0
270290005000006,13,3,0,0
270290005000006,13,4,0,0
270290005000006,14,6,0,0
270290005000006,15,1,0,0
270290005000006,15,4,0,0
270290005000006,16,2,0,0
270290005000006,16,4,0,0
270290005000006,17,2,0,0
270290005000006,18,1,0,0
270290005000006,18,2,0,0
270290005000006,18,4,0,0
270290005000006,22,1,0,0
270290005000006,22,2,0,0
270290005000006,22,3,0,0
270290005000006,23,1,1,1
270290005000006,24,1,0,0
270290005000012,1,1,15,14
270290005000012,1,2,2,0
270290005000012,1,3,1,0
270290005000012,1,4,0,0
270290005000012,2,1,0,0
270290005000033,1,21,11,11
270290005000033,1,22,4,4
270290005000034,1,4,0,0
270290005000034,1,5,0,0
270290005000034,1,6,3,1
270290005000035,6,2,4,2
270290005000035,6,3,0,0
270290005000035,6,4,0,0
270290005000035,6,5,1,1
270290005000035,6,6,0,0
270290005000035,6,7,0,0
270290005000035,6,8,0,0
270290005000035,6,9,2,1
270290005000038,4,8,3,3
270290005000038,5,2,0,0
270290005000040,1,3,1,1
270290005000040,1,4,4,4
270290005000040,1,5,3,1
270290005000041,14,1,23,23
270290005000050,1,5,2,1
270290005000050,1,6,4,4
270290005000050,1,7,1,0
270290005000050,1,8,0,0
270290005000050,1,9,0,0
270290005000050,1,11,0,0
270290005000052,3,2,0,0
270290005000052,3,3,0,0
270290005000052,3,4,4,2
270290005000054,1,9,15,15
270290005000087,6,1,1,0
270290005000088,2,6,0,0
270290005000088,2,10,0,0
270290005000089,2,14,14,14
270300705000002,4,24,0,0
270300705000003,1,2,0,0
270300705000003,1,3,0,0
270300705000003,2,2,1,0
270300705000003,2,3,0,0
270300705000003,2,4,0,0
270300705000003,6,1,0,0
270300705000014,3,2,0,0
270300705000014,3,3,0,0
270300705000015,11,3,1,0
270300705000015,13,2,0,0
270300705000015,13,3,0,0
270300705000015,13,4,0,0
270300705000015,14,2,0,0
270300705000015,14,3,0,0
270300705000015,14,4,0,0
270300705000021,1,2,0,0
270310605000003,6,5,1,0
270330405000001,10,13,1,1
270330405000001,10,17,1,1
270330405000007,9,3,13,11
270330405000018,1,12,1,1
270330405000018,1,13,0,0
270330405000019,7,4,0,0
270330405000019,24,5,0,0
270330405000019,28,3,0,0
270330405000020,3,12,8,8
270330405000026,12,3,11,10
270330405000026,12,4,0,0
270330405000026,12,5,1,1
270330405000026,12,6,19,19
270330405000026,12,7,3,3
270350205000003,4,6,10,7
270375905000003,1,2,11,7
270375905000003,6,3,0,0
270375905000003,6,4,0,0
270375905000003,6,5,0,0
270375905000003,11,2,0,0
270375905000003,11,3,0,0
270375905000003,11,5,0,0
270375905000003,11,6,0,0
270375905000003,12,2,0,0
270375905000003,12,3,0,0
270375905000003,12,9,9,7
270375905000003,12,10,10,7
270375905000005,1,1,37,30
270375905000005,1,2,0,0
270375905000005,1,3,12,10
270375905000005,1,4,6,4
270375905000005,1,5,0,0
270375905000005,1,6,0,0
270375905000007,1,6,13,12
270375905000007,1,7,0,0
270375905000007,1,8,5,5
270375905000007,1,9,13,9
270375905000007,1,10,3,2
270375905000007,1,11,0,0
270375905000007,1,12,22,20
270375905000007,1,13,2,2
270375905000007,1,14,0,0
270375905000007,1,15,22,21
270375905000007,1,16,2,2
270375905000007,1,17,1,1
270375905000007,1,18,17,13
270375905000007,1,19,22,16
270375905000007,1,20,0,0
270375905000007,1,21,7,7
270375905000007,1,22,25,18
270375905000007,1,23,0,0
270375905000007,1,24,0,0
270375905000007,1,25,4,3
270375905000007,1,26,9,8
270375905000007,1,27,10,8
270375905000007,1,28,5,4
270375905000007,1,29,11,11
270375905000007,1,30,5,5
270375905000010,1,9,0,0
270375905000010,1,10,0,0
270375905000010,1,11,0,0
270375905000010,1,12,0,0
270375905000010,1,13,0,0
270375905000010,1,14,0,0
270375905000010,1,15,0,0
270375905000010,1,16,0,0
270375905000010,3,3,0,0
270375905000010,3,9,0,0
270375905000010,4,12,0,0
270375905000010,4,13,0,0
270375905000010,4,14,0,0
270375905000010,4,15,0,0
270375905000010,8,3,0,0
270375905000010,8,4,6,6
270375905000010,8,5,0,0
270375905000010,12,3,0,0
270375905000010,12,4,0,0
270375905000010,13,1,0,0
270375905000010,13,2,0,0
270375905000010,13,3,0,0
270375905000010,13,4,0,0
270375905000010,14,1,0,0
270375905000010,14,2,0,0
270375905000011,1,2,0,0
270375905000011,1,3,0,0
270375905000011,2,1,0,0
270375905000011,2,3,0,0
270375905000011,7,4,0,0
270375905000011,8,6,0,0
270375905000011,8,7,0,0
270375905000011,10,2,0,0
270375905000011,10,3,0,0
270375905000011,10,5,0,0
270375905000011,10,6,4,4
270375905000011,11,1,0,0
270375905000011,11,2,0,0
270375905000011,11,3,0,0
270375905000011,11,5,0,0
270375905000011,11,6,0,0
270375905000011,11,7,0,0
270375905000011,11,8,0,0
270375905000011,16,1,0,0
270375905000011,18,1,0,0
270375905000011,18,2,0,0
270375905000011,18,3,0,0
270375905000011,18,4,0,0
270375905000011,19,3,0,0
270375905000011,19,4,0,0
270375905000011,19,5,0,0
270375905000011,19,6,0,0
270375905000011,19,7,0,0
270375905000011,20,1,0,0
270375905000011,20,2,0,0
270375905000011,20,3,0,0
270375905000011,20,4,0,0
270375905000011,20,5,0,0
270375905000011,20,6,0,0
270375905000011,20,7,0,0
270375905000011,20,8,0,0
270375905000011,20,9,0,0
270375905000011,21,4,1,1
270375905000015,4,3,0,0
270375905000015,7,3,0,0
270375905000016,1,1,64,51
270375905000016,1,2,92,75
270375905000016,1,3,4,4
270375905000016,1,4,4,3
270375905000016,1,5,1,1
270375905000016,1,6,10,9
270375905000016,2,1,0,0
270375905000016,2,2,10,9
270375905000016,2,3,1,1
270375905000016,2,4,11,11
270375905000016,2,5,0,0
270375905000016,2,6,21,20
270375905000016,3,1,1,1
270375905000016,3,2,3,3
270375905000016,3,3,1,1
270375905000016,4,1,0,0
270375905000016,4,2,1,0
270375905000016,4,3,0,0
270375905000016,4,4,4,4
270375905000016,4,5,9,9
270375905000016,5,1,0,0
270375905000016,5,2,0,0
270375905000016,5,3,7,7
270375905000016,5,4,0,0
270375905000016,6,1,14,13
270375905000016,6,2,0,0
270375905000016,6,3,17,16
270375905000016,6,4,0,0
270375905000016,7,1,7,7
270375905000016,7,2,1,1
270375905000016,7,3,11,10
270375905000016,7,4,1,1
270375905000017,1,1,48,45
270375905000017,1,2,38,33
270375905000017,1,3,2,2
270375905000017,1,4,2,2
270375905000017,1,5,1,0
270375905000017,1,6,0,0
270375905000017,1,7,0,0
270375905000017,1,8,0,0
270375905000018,1,1,0,0
270375905000018,1,2,0,0
270375905000018,1,3,0,0
270375905000018,1,4,0,0
270375905000018,2,1,0,0
270375905000018,2,2,0,0
270375905000018,2,3,0,0
270375905000018,2,4,0,0
270375905000018,3,1,0,0
270375905000018,3,2,0,0
270375905000018,3,3,0,0
270375905000018,3,4,0,0
270375905000018,4,1,0,0
270375905000018,4,2,0,0
270375905000018,4,3,0,0
270375905000018,4,4,0,0
270375905000018,5,1,0,0
270375905000018,5,2,0,0
270375905000018,5,3,0,0
270375905000018,6,1,5,5
270375905000018,6,2,0,0
270375905000018,6,3,0,0
270375905000018,6,4,9,8
270375905000018,6,5,0,0
270375905000018,7,1,0,0
270375905000018,7,2,16,16
270375905000018,7,3,0,0
270375905000018,8,1,0,0
270375905000018,8,2,33,33
270375905000018,8,3,0,0
270375905000018,9,1,0,0
270375905000018,9,2,0,0
270375905000023,1,1,5,0
270375905000023,1,2,13,12
270375905000023,3,3,23,21
270375905000023,3,4,5,5
270380905000005,2,25,3,3
270380905000005,3,1,2,2
270380905000005,3,2,0,0
270380905000005,3,3,2,2
270380905000005,3,4,0,0
270380905000005,4,1,2,2
270380905000005,4,3,3,3
270380905000005,4,4,0,0
270380905000005,5,1,6,6
270380905000005,5,2,0,0
270380905000005,9,1,2,2
270380905000005,9,2,0,0
270380905000005,9,3,2,2
270380905000005,9,4,1,1
270380905000005,12,2,0,0
270380905000005,13,1,11,9
270380905000005,13,2,0,0
270380905000005,13,3,0,0
270380905000005,13,4,1,1
270400505000001,2,6,0,0
270400505000001,13,2,0,0
270400505000001,13,3,0,0
270400505000001,13,4,1,0
270400505000001,14,2,0,0
270400505000001,14,3,0,0
270400505000001,14,4,0,0
270400505000001,16,1,2,2
270400505000001,19,5,9,9
270400505000001,19,6,12,12
270400505000001,19,7,2,1
270400505000002,14,1,1,0
270400505000002,15,2,0,0
270400505000002,15,3,1,0
270400505000002,15,4,0,0
270400505000002,16,2,0,0
270400505000002,16,3,0,0
270400505000002,16,4,0,0
270400505000002,24,1,8,6
270400505000005,27,2,5,5
270400505000006,6,3,2,1
270400505000011,1,1,19,12
270400505000011,1,2,1,1
270400505000011,1,3,4,4
270400505000011,1,4,8,6
270400505000011,1,5,3,3
270400505000011,1,6,5,5
270400505000011,1,7,3,1
270400505000011,1,8,13,9
270400505000011,1,9,10,7
270400505000011,1,10,0,0
270400505000011,1,11,1,1
270400505000011,1,12,2,2
270400505000011,1,13,1,1
270400505000011,1,14,2,2
270400505000011,1,15,1,1
270400505000011,1,16,29,23
270400505000011,2,1,8,8
270400505000011,2,2,1,1
270400505000011,2,3,7,7
270400505000011,2,4,0,0
270400505000012,1,1,20,12
270400505000012,1,2,13,11
270400505000012,1,3,5,3
270400505000012,2,1,20,20
270400505000012,2,2,11,9
270400505000012,2,3,12,10
270400505000012,3,1,24,23
270400505000012,3,2,11,10
270400505000012,4,1,12,11
270400505000012,4,2,11,10
270400505000012,4,3,4,2
270400505000012,4,4,24,23
270400505000013,1,1,3,2
270400505000013,1,2,10,6
270400505000013,1,3,0,0
270400505000013,1,4,12,11
270400505000013,1,5,30,27
270400505000013,1,6,19,16
270400505000013,1,7,20,20
270400505000013,2,1,5,5
270400505000013,2,2,7,7
270400505000013,2,3,9,9
270400505000013,3,1,5,5
270400505000013,3,2,30,27
270400505000013,4,1,9,9
270400505000013,4,2,10,10
270400505000013,4,3,10,9
270400505000013,4,4,21,19
270400505000013,5,1,9,8
270400505000013,5,2,16,16
270400505000013,5,3,12,9
270400505000013,5,4,3,3
270400505000013,5,5,0,0
270400505000013,5,6,14,12
270400505000013,6,1,0,0
270400505000013,7,1,0,0
270400505000013,8,1,0,0
270400505000021,1,15,0,0
270400505000021,1,25,0,0
270400505000021,1,26,0,0
270400505000021,1,28,0,0
270400505000021,2,2,0,0
270400505000021,2,3,0,0
270400505000026,6,1,1,0
270400505000027,2,3,1,0
270400505000029,1,1,210,184
270400505000030,1,1,288,250
270400505000037,1,1,67,58
270400505000038,1,1,15,13
270400505000038,1,2,0,0
270400505000038,1,3,0,0
270400505000038,1,4,7,6
270400505000038,1,5,0,0
270400505000038,1,6,0,0
270400505000038,1,7,0,0
270400505000038,1,8,0,0
270400505000040,4,2,5,5
270400505000040,4,3,3,1
270400505000052,7,2,0,0
270400505000053,7,1,2,1
270400505000054,7,1,3,3
270400505000062,1,11,16,13
270400505000062,3,1,7,7
270400505000062,3,3,6,5
270400505000068,1,1,48,4
270400505000068,1,2,32,23
270400505000068,1,3,1,0
270400505000068,1,4,0,0
270400505000068,1,5,23,22
270400505000068,1,6,0,0
270400505000068,1,7,0,0
270400505000068,2,1,0,0
270400505000068,2,2,0,0
270400505000068,2,3,0,0
270400505000068,3,1,0,0
270400505000068,3,2,0,0
270400505000068,3,3,0,0
270400505000068,3,4,0,0
270400505000068,4,1,0,0
270420305000001,10,2,0,0
270420305000001,10,3,0,0
270420305000001,10,4,0,0
270420305000001,11,2,0,0
270420305000001,11,3,1,0
270420305000001,11,4,0,0
270420305000001,17,7,1,0
270420305000001,18,2,0,0
270420305000001,18,3,0,0
270420305000001,19,4,1,1
270420305000007,6,1,0,0
270420305000007,6,2,0,0
270420305000007,6,3,0,0
270420305000007,8,1,6,5
270420305000007,9,2,0,0
270420305000007,9,3,0,0
270420305000018,1,3,0,0
270420305000018,1,4,0,0
270420305000018,2,1,1,1
270420305000018,2,2,3,2
270420305000018,2,4,5,4
270420305000018,4,1,0,0
270420305000018,5,1,3,2
270420305000018,9,1,0,0
270420305000018,9,2,0,0
270420305000018,9,4,0,0
270420305000018,10,3,1,0
270420305000018,10,4,0,0
270420305000018,10,5,0,0
270420305000019,5,5,0,0
270420305000021,1,1,7,7
270420305000023,1,4,0,0
270420305000023,1,7,0,0
270420305000023,1,8,0,0
270420305000023,1,9,0,0
270420305000023,3,4,0,0
270420305000023,3,8,0,0
270420305000023,3,15,1,1
270420305000023,5,12,6,5
270420305000023,5,13,3,1
270420305000032,5,2,0,0
270420305000032,5,3,1,0
270420305000032,5,4,0,0
270420305000034,8,1,4,2
270420305000035,3,1,12,12
270420305000035,7,3,1,1
270420305000035,7,4,1,0
270420305000055,1,8,6,6
270420305000055,2,1,1,0
270420305000055,2,2,13,8
270420305000055,17,1,1,0
270420305000056,1,13,13,9
270420305000056,7,2,1,0
270420305000056,10,2,2,2
270420305000056,13,2,1,1
270420305000056,13,3,2,2
270420305000056,14,2,1,1
270420305000056,15,1,2,1
270420305000056,15,5,7,0
270420305000056,20,2,2,2
270420305000056,21,2,4,2
270420305000056,21,3,2,1
270420305000057,15,6,1,1
270420305000058,9,2,5,5
270420305000058,17,6,11,10
270420305000058,19,1,1,1
270420305000058,19,14,1,0
270420305000059,11,2,0,0
270420305000059,11,3,1,0
270420305000059,11,4,0,0
270420305000059,20,2,0,0
270420305000059,20,3,0,0
270420305000059,20,4,0,0
270420305000060,1,5,11,7
270420305000060,3,2,0,0
270420305000060,3,3,0,0
270420305000060,3,4,0,0
270420305000060,4,2,0,0
270420305000060,4,3,0,0
270420305000060,4,4,0,0
270420305000060,5,2,0,0
270420305000060,5,3,0,0
270420305000060,5,4,0,0
270420305000060,6,2,0,0
270420305000060,6,3,0,0
270420305000060,6,4,0,0
270420305000060,8,2,11,10
270420305000062,1,5,3,3
270420305000062,19,2,4,4
270420305000063,14,1,1,1
270420305000064,1,1,13,8
270420305000064,5,2,42,36
270430205060035,3,2,14,10
270430205060063,1,3,4,1
270430205070045,2,3,12,12
270430205070071,4,4,10,10
270430205080121,4,3,0,0
270430205090021,6,3,3,3
270430205090039,1,19,3,3
270430205090039,1,22,7,7
270430205090039,1,28,0,0
270430205090044,12,4,9,8
270430205090044,20,4,0,0
270430205090145,14,1,3,3
270430205100008,1,3,3,3
270430205100050,3,4,0,0
270430205100050,4,3,0,0
270430205100066,13,3,1,1
270430205100072,2,13,0,0
270430205100074,3,8,0,0
270430205100075,1,7,0,0
270430205100075,1,8,0,0
270430205100075,1,9,0,0
270430205100075,2,1,16,16
270430205100075,2,4,14,14
270430205100075,2,5,0,0
270430205100075,4,2,4,4
270430205100075,4,3,7,7
270430205100075,5,1,6,6
270430205100075,6,1,4,3
270430205100075,6,2,1,1
270430205100075,6,3,3,3
270430205100075,6,4,0,0
270430205100075,8,1,0,0
270430205100075,8,2,0,0
270430205100075,8,3,0,0
270430205100075,8,4,0,0
270430205100079,5,3,0,0
270430205100079,6,2,0,0
270430205100080,2,5,0,0
270430205100080,2,6,0,0
270430205100080,2,7,0,0
270430205100080,2,8,0,0
270430205100080,2,9,0,0
270430205100080,2,10,0,0
270430205100080,4,6,0,0
270430205100084,2,3,0,0
270430205100084,4,12,0,0
270430205100087,1,4,0,0
270430205100087,1,5,0,0
270430205100087,2,6,0,0
270430205100087,2,7,0,0
270430205100087,2,8,0,0
270430205100100,9,2,0,0
270430205100100,10,2,0,0
270430205100100,10,3,0,0
270430205100113,2,5,0,0
270430205100113,4,4,0,0
270430205100118,2,3,0,0
270430205100118,2,4,0,0
270430205100118,2,5,0,0
270430205100118,2,6,0,0
270430205100118,2,7,0,0
270430205100118,3,2,1,1
270430205100118,3,3,0,0
270430205100118,4,1,0,0
270430205100118,4,2,1,1
270430205100118,7,5,0,0
270430205100118,7,6,0,0
270430205100118,7,7,0,0
270430205100118,8,1,0,0
270430205100118,8,2,0,0
270430205100118,8,3,0,0
270430205100118,8,4,0,0
270430205100118,9,1,0,0
270430205100118,9,2,0,0
270430205100118,9,3,0,0
270430205100118,9,4,0,0
270430205100118,10,1,0,0
270430205100118,10,2,0,0
270430205100118,10,3,0,0
270430205100118,10,4,0,0
270430205100118,10,5,0,0
270430205100118,10,6,0,0
270430205100118,10,7,0,0
270430205100118,11,1,0,0
270430205100118,11,2,0,0
270430205100118,11,3,0,0
270430205100118,11,4,0,0
270430205100118,11,5,0,0
270430205100118,11,6,0,0
270430205100118,11,7,0,0
270430205100118,11,8,0,0
270430205100118,11,9,0,0
270430205100118,12,1,0,0
270430205100118,12,2,0,0
270430205100118,12,3,0,0
270430205100118,12,4,0,0
270430205100118,12,5,0,0
270430205100118,13,1,0,0
270430205100118,13,2,0,0
270430205100118,13,3,0,0
270430205100118,13,4,0,0
270430205100119,5,3,0,0
270430205100119,5,4,0,0
270430205100119,5,5,0,0
270430205100119,5,6,0,0
270430205100119,5,7,0,0
270430205100119,5,8,0,0
270430205100119,5,9,0,0
270430205100119,5,10,0,0
270430205100119,5,11,0,0
270430205100119,5,12,0,0
270430205100119,6,1,0,0
270430205100119,6,2,0,0
270430205100119,6,3,0,0
270430205100119,6,4,0,0
270430205100119,6,5,0,0
270430205100119,6,6,0,0
270430205100119,7,3,0,0
270430205100119,7,4,0,0
270430205100119,7,5,0,0
270430205100119,7,6,0,0
270430205100119,7,7,0,0
270430205100119,7,8,0,0
270430205100119,7,9,0,0
270430205100119,8,1,0,0
270430205100119,8,2,0,0
270430205100119,8,3,0,0
270430205100119,8,4,0,0
270430205100119,9,1,0,0
270430205100119,9,2,0,0
270430205100119,9,3,0,0
270430205100119,9,4,0,0
270430205100119,10,1,0,0
270430205100119,10,2,0,0
270430205100119,10,3,0,0
270430205100119,11,1,0,0
270430205100119,11,2,0,0
270430205100119,11,3,0,0
270430205100119,11,4,0,0
270430205100119,12,1,0,0
270430205100119,12,2,0,0
270430205100119,12,3,0,0
270430205100119,13,1,0,0
270430205100119,13,2,0,0
270430205100119,13,3,0,0
270430205100119,13,4,0,0
270430205100119,13,5,0,0
270430205100119,13,6,0,0
270430205100119,13,7,0,0
270430205100119,14,1,0,0
270430205100119,14,2,0,0
270430205100119,14,3,0,0
270430205100119,14,4,0,0
270430205100119,14,5,0,0
270430205100119,14,6,0,0
270430205100119,14,7,0,0
270430205100119,14,8,0,0
270430205100119,14,9,0,0
270430205100119,14,10,0,0
270430205100119,14,11,0,0
270430205100119,14,12,0,0
270430205100119,14,13,0,0
270430205100119,14,14,0,0
270430205100119,14,15,0,0
270430205100119,14,16,0,0
270430205100119,14,17,0,0
270430205100122,2,13,0,0
270430205100123,9,2,0,0
270430205100123,10,1,0,0
270430205100123,10,2,0,0
270430205100123,10,3,0,0
270430205100123,10,4,0,0
270430205100123,11,1,0,0
270430205100123,11,2,0,0
270430205100123,11,3,0,0
270430205100123,11,4,0,0
270430205100123,11,5,0,0
270430205100123,11,6,0,0
270430205100123,11,7,0,0
270430205100123,11,8,0,0
270430205100123,12,1,0,0
270430205100123,12,2,0,0
270430205100123,12,3,0,0
270430205100123,12,4,0,0
270430205100123,13,1,0,0
270430205100123,13,2,0,0
270430205100123,13,3,0,0
270430205100123,13,4,0,0
270430205100123,14,1,0,0
270430205100123,14,2,0,0
270430205100123,14,3,0,0
270430205100123,14,4,0,0
270430205100123,15,1,0,0
270430205100123,15,2,0,0
270430205100123,15,3,0,0
270430205100123,15,4,0,0
270430205100123,16,1,0,0
270430205100123,16,2,0,0
270430205100123,16,3,0,0
270430205100123,16,4,0,0
270430205100123,17,1,0,0
270430205100123,17,2,0,0
270430205100123,17,3,0,0
270430205100123,18,1,0,0
270430205100123,18,2,0,0
270430205100123,18,3,0,0
270430205100123,18,4,0,0
270430205100123,19,1,0,0
270430205100123,19,2,0,0
270430205100123,19,3,0,0
270430205100123,19,4,0,0
270430205100123,20,1,0,0
270430205100123,20,2,0,0
270430205100123,20,3,0,0
270430205100123,20,4,0,0
270430205100123,21,1,0,0
270430205100123,21,3,0,0
270430205100123,21,4,0,0
270430205100123,22,1,0,0
270430205100123,22,2,0,0
270430205100123,22,3,0,0
270430205100123,23,1,0,0
270430205100123,23,2,0,0
270430205100123,23,3,0,0
270430205100123,23,4,0,0
270430205100123,23,5,0,0
270430205100126,10,4,0,0
270430205100126,10,5,0,0
270430205100126,10,6,0,0
270430205100128,11,6,0,0
270430205100128,11,7,0,0
270430205100128,11,8,0,0
270430205100128,11,9,0,0
270430205100128,11,10,0,0
270430205100128,11,11,0,0
270430205100128,11,12,0,0
270430205100128,11,13,0,0
270430205100128,11,14,0,0
270430205100128,11,15,0,0
270430205100128,11,16,0,0
270430205100128,12,1,0,0
270430205100128,12,2,0,0
270430205100128,12,3,0,0
270430205100128,12,4,0,0
270430205100128,12,5,0,0
270430205100128,12,6,0,0
270430205100128,12,7,0,0
270430205100128,13,1,0,0
270430205100128,13,2,0,0
270430205100128,14,1,0,0
270430205100128,14,2,0,0
270430205100128,14,3,0,0
270430205100128,14,4,0,0
270430205100128,15,1,0,0
270430205100128,15,2,0,0
270430205100128,15,3,0,0
270430205100128,16,1,0,0
270430205100128,16,3,0,0
270430205100128,16,4,0,0
270430205100128,16,5,0,0
270430205100130,8,3,0,0
270430205100130,8,5,0,0
270430205100130,8,6,0,0
270430205100130,8,7,0,0
270430205100130,8,8,0,0
270430205100130,8,9,0,0
270430205100130,8,10,0,0
270430205100130,8,11,0,0
270430205100130,8,12,0,0
270430205100130,8,13,0,0
270430205100130,8,14,0,0
270430205100130,8,15,0,0
270430205100130,8,16,0,0
270430205100130,8,17,0,0
270430205100130,8,18,0,0
270430205100130,8,19,0,0
270430205100130,9,1,0,0
270430205100130,9,2,0,0
270430205100130,10,1,0,0
270430205100130,10,2,0,0
270430205100130,10,3,0,0
270430205100130,10,4,0,0
270430205100130,11,1,0,0
270430205100130,11,2,0,0
270430205100130,11,3,0,0
270430205100130,11,4,0,0
270430205100136,1,2,0,0
270430205100136,1,3,0,0
270430205100136,1,4,0,0
270430205100136,1,5,0,0
270430205100136,1,6,0,0
270430205100136,1,7,0,0
270430205100136,2,1,0,0
270430205100136,2,2,0,0
270430205100136,2,3,0,0
270430205100136,2,4,0,0
270430205100136,2,5,0,0
270430205100136,2,6,0,0
270430205100136,2,7,0,0
270430205100136,2,8,0,0
270430205100136,2,9,0,0
270430205100136,2,10,0,0
270430205100136,3,1,0,0
270430205100136,3,2,0,0
270430205100136,3,3,0,0
270430205100136,3,4,0,0
270430205100136,4,1,0,0
270430205100136,4,2,0,0
270430205100136,4,3,0,0
270430205100136,4,4,0,0
270430205100136,4,5,0,0
270430205100136,5,1,0,0
270430205100136,5,2,0,0
270430205100136,5,3,0,0
270430205100136,5,4,0,0
270430205100136,7,1,0,0
270430205100136,7,2,0,0
270430205100136,7,3,0,0
270430205100136,7,4,0,0
270430205100136,7,5,0,0
270430205100136,7,6,0,0
270430205100136,8,1,0,0
270430205100137,1,39,0,0
270430205100145,5,5,0,0
270430205100145,5,6,0,0
270430205100145,5,7,0,0
270430205100145,5,8,0,0
270430205100145,5,9,0,0
270430205100145,5,10,0,0
270430205100145,5,11,0,0
270430205100145,5,12,0,0
270430205100145,5,13,0,0
270430205100145,5,14,0,0
270430205100145,5,15,0,0
270430205100145,5,16,0,0
270430205100145,5,17,0,0
270430205100145,5,18,0,0
270430205100145,5,19,0,0
270430205100145,5,20,0,0
270430205100147,1,21,0,0
270430205100149,1,2,0,0
270430205100149,2,1,0,0
270430205100149,2,2,0,0
270430205100149,3,1,0,0
270430205100149,3,2,0,0
270430205100149,4,1,0,0
270430205100149,4,2,0,0
270430205100149,4,3,0,0
270430205100149,5,1,0,0
270430205100149,5,2,0,0
270430205100149,6,1,0,0
270430205100149,6,2,0,0
270430205100149,7,1,0,0
270430205100149,7,2,0,0
270430205100149,8,1,0,0
270430205100154,1,9,0,0
270430205100154,1,10,0,0
270430205100154,1,11,0,0
270430205100154,1,12,0,0
270430205100154,1,13,0,0
270430205100154,1,14,0,0
270430205100154,1,15,0,0
270430205100154,1,16,0,0
270430205100154,1,17,0,0
270430205100154,1,18,0,0
270430205100154,1,19,0,0
270430205100154,2,1,0,0
270430205100154,2,2,0,0
270430205100154,3,1,0,0
270430205100154,3,2,0,0
270430205100154,3,3,0,0
270430205100157,5,3,0,0
270430205100158,1,11,0,0
270430205100158,2,16,0,0
270430205100158,2,17,0,0
270430205100158,2,18,0,0
270430205100159,2,2,0,0
270430205100161,1,1,5,5
270430205100161,1,2,4,4
270430205100161,1,3,4,4
270430205100161,2,1,5,5
270430205100161,2,2,6,6
270430205100161,2,3,2,2
270430205100161,3,1,8,8
270430205100161,3,2,0,0
270430205100161,3,3,1,1
270430205100161,3,4,10,10
270430205100161,4,1,13,12
270430205100161,4,2,15,15
270430205100161,5,1,0,0
270430205100161,5,2,6,6
270430205100161,5,3,1,1
270430205100161,5,4,1,1
270430205100161,5,5,5,4
270430205100161,6,1,3,1
270430205100161,6,2,2,2
270430205100161,6,3,2,1
270430205100165,1,1,0,0
270430205100165,1,2,12,11
270430205100165,1,3,0,0
270430205100165,2,1,2,2
270430205100165,2,2,3,3
270430205100165,2,3,8,8
270430205100165,2,4,3,3
270430205100165,3,1,14,14
270430205100165,3,2,5,5
270430205100165,3,3,1,1
270430205100165,3,4,2,2
270430205100165,3,5,3,3
270430205100165,3,6,1,1
270430205100165,5,1,1,1
270430205100165,5,2,12,12
270430205100165,7,1,5,5
270430205100165,7,2,9,9
270430205100165,7,3,0,0
270430205100165,7,4,1,1
270430205100165,8,1,13,13
270430205100165,8,2,0,0
270430205100165,8,3,17,17
270430205100165,8,4,2,2
270430205100165,9,1,9,9
270430205100165,9,2,5,5
270430205100165,9,3,4,4
270430205100165,9,4,2,2
270430205100165,9,5,1,1
270430205100165,9,6,1,1
270430205100165,9,7,3,3
270430205100173,1,4,0,0
270430205100201,8,4,0,0
270430205100201,13,1,0,0
270430205100203,1,28,0,0
270430205100213,1,1,0,0
270430205100213,2,1,0,0
270430205100213,2,2,0,0
270430205100215,1,2,0,0
270430205100215,2,1,0,0
270430205100215,2,2,0,0
270430205100215,2,3,0,0
270430205100215,2,4,0,0
270430205100227,2,1,0,0
270430205100229,1,13,0,0
270430205100235,2,13,0,0
270430205100236,1,13,0,0
270430205100236,1,14,0,0
270430205100237,2,6,0,0
270430205100237,2,7,0,0
270430205100237,13,4,0,0
270430205100237,13,5,0,0
270430205100256,5,15,0,0
270430205100256,5,16,0,0
270430205100265,10,3,0,0
270430205100265,10,4,0,0
270430205100265,11,1,0,0
270430205100265,12,1,0,0
270430205100265,12,2,0,0
270430205100265,12,3,0,0
270430205100266,1,8,0,0
270430205100266,1,9,0,0
270430205100268,1,3,0,0
270430205100268,2,2,0,0
270430205100276,4,5,0,0
270430205100276,4,6,0,0
270430205100276,5,1,0,0
270430205100276,5,2,0,0
270430205100280,3,4,0,0
270430205100281,5,14,0,0
270430205100293,1,4,0,0
270430205100294,3,4,0,0
270430205100295,1,2,0,0
270430205100295,1,3,0,0
270430205100295,2,1,0,0
270430205100295,2,2,0,0
270430205100295,2,3,0,0
270430205100295,2,4,0,0
270430205100296,3,5,0,0
270430205100296,3,6,0,0
270430205100296,4,1,0,0
270430205100296,4,2,0,0
270430205100296,4,3,0,0
270430205100302,10,1,0,0
270430205100302,10,2,0,0
270430205100302,10,3,0,0
270430205100302,11,3,0,0
270430205100302,11,4,0,0
270430205110024,1,7,3,2
270430205110024,1,8,1,1
270430205110024,1,9,2,2
270430205110024,1,10,3,3
270430205110024,1,11,0,0
270430205110024,1,12,1,1
270430205110024,1,13,0,0
270430205110024,1,14,0,0
270430205110024,1,15,0,0
270430205110024,1,16,0,0
270430205110024,1,17,0,0
270430205110024,1,18,0,0
270430205110024,1,19,0,0
270430205110024,1,20,0,0
270430205110024,1,21,0,0
270430205110024,1,22,0,0
270430205110024,1,23,0,0
270430205110024,1,24,0,0
270430205110024,1,37,0,0
270430205110024,1,40,6,6
270430205110024,1,43,2,2
270430205110026,2,1,1,1
270430205110026,2,2,10,9
270430205110026,2,3,4,4
270430205110026,3,1,6,6
270430205110026,4,1,9,8
270430205110026,4,2,10,9
270430205110026,5,1,10,9
270430205110026,6,1,16,16
270430205110026,6,2,5,5
270430205110026,7,1,10,10
270430205110026,8,1,7,7
270430205110026,9,1,11,11
270430205110026,9,2,18,18
270430205110026,10,1,13,12
270430205110026,10,2,3,3
270430205110026,10,3,9,8
270430205110026,11,1,10,9
270430205110026,12,1,9,7
270430205110026,12,2,3,3
270430205110051,5,27,0,0
270430205110062,1,1,0,0
270430205110062,1,2,14,14
270430205110062,1,3,3,2
270430205110062,1,4,1,1
270430205110062,1,5,6,6
270430205110062,1,6,10,10
270430205110062,1,7,1,1
270430205110062,1,8,4,4
270430205110062,1,9,8,8
270430205110062,1,10,7,6
270430205110062,1,11,8,8
270430205110062,1,12,0,0
270430205110062,1,13,9,9
270430205110062,1,14,2,2
270430205110062,1,15,2,2
270430205110062,1,16,2,2
270430205110062,1,17,0,0
270430205110062,1,18,1,1
270430205110062,1,19,0,0
270430205110062,1,21,1,1
270430205110062,1,23,3,3
270430205110062,1,24,0,0
270430205110062,1,25,0,0
270430205110062,1,26,0,0
270430205110062,1,27,0,0
270430205110062,1,31,0,0
270430205110062,1,35,1,1
270430205110062,1,36,0,0
270430205110062,1,37,3,3
270430205110062,1,38,5,5
270430205110062,1,39,0,0
270430205110062,1,40,4,4
270430205110062,1,41,0,0
270430205110062,1,42,17,17
270430205110062,1,44,15,15
270430205110062,1,45,1,1
270430205110062,1,46,3,3
270430205110062,1,47,18,18
270430205110062,1,48,1,1
270430205110062,1,49,7,7
270430205110062,1,50,4,4
270430205110062,1,51,13,13
270430205110062,1,52,1,1
270430205110062,1,56,0,0
270430205110062,1,57,0,0
270430205110062,1,58,0,0
270430205110062,59,8,8,7
270430205110062,63,9,12,11
270430205110062,69,4,0,0
270430205110062,69,5,0,0
270430205110062,69,6,0,0
270430205110062,70,3,9,6
270430205110062,70,4,20,19
270430205110062,71,1,5,5
270430205110062,71,2,7,7
270430205110062,71,3,0,0
270430205110062,71,4,1,1
270430205110062,71,5,3,3
270430205110062,71,6,4,4
270430205110062,71,7,0,0
270430205110062,71,8,11,10
270430205110066,6,2,0,0
270430205110078,1,1,0,0
270430205110079,3,4,0,0
270430205110081,1,5,0,0
270430205110082,8,3,1,0
270430205110086,3,2,0,0
270430205110086,3,3,0,0
270430205110086,3,4,0,0
270430205110109,1,7,1,1
270430205110115,7,2,0,0
270430205110115,7,3,0,0
270430205110115,7,4,0,0
270430205110121,16,4,16,2
270430205110122,7,2,0,0
270430205110122,7,3,0,0
270430205110124,3,2,0,0
270430205110124,3,3,0,0
270430205110131,1,21,0,0
270430205110132,7,31,0,0
270430205110137,13,2,0,0
270430205110137,13,3,0,0
270430205110137,25,6,0,0
270430205110149,1,14,0,0
270430205110150,1,3,0,0
270430205110150,2,2,0,0
270430205110153,4,4,3,3
270430205110153,4,5,0,0
270430205110153,4,6,0,0
270430205110157,1,4,0,0
270430205110161,1,15,0,0
270430205110177,1,7,0,0
270430205110179,2,2,0,0
270430205110181,2,3,0,0
270430205110187,30,7,0,0
270430205110191,10,1,8,8
270430205110201,3,4,0,0
270430205110207,2,1,14,14
270430205110207,2,2,0,0
270430205110207,2,3,0,0
270430205110207,2,4,0,0
270430205110207,2,5,6,6
270430205110207,3,1,0,0
270430205110207,3,2,7,7
270430205110207,3,3,10,10
270430205110207,3,4,20,19
270430205110207,3,5,0,0
270430205110207,3,6,0,0
270430205110207,3,7,0,0
270430205110207,3,8,28,26
270430205110207,3,9,16,16
270430205110207,3,10,0,0
270430205110207,4,1,23,20
270430205110207,4,2,29,29
270430205110210,7,3,2,2
270430205110210,7,4,1,1
270430205110210,12,2,0,0
270430205110210,12,3,5,5
270430205110210,12,4,1,1
270430205110210,12,9,0,0
270430205110210,12,10,0,0
270430205110215,12,4,7,6
270430205110218,1,1,0,0
270430205110218,1,2,0,0
270430205110218,1,3,0,0
270430205110218,1,4,0,0
270430205110218,1,5,0,0
270430205110218,1,6,0,0
270430205110218,1,7,0,0
270430205110218,1,8,0,0
270430205110218,1,9,0,0
270430205110218,1,10,0,0
270430205110218,1,11,0,0
270430205110218,1,12,0,0
270430205110218,1,13,0,0
270430205110218,1,14,0,0
270430205110218,1,15,0,0
270430205110218,1,16,0,0
270430205110218,1,17,0,0
270430205110218,1,18,0,0
270430205110218,1,19,0,0
270430205110218,1,20,0,0
270430205110218,2,1,0,0
270430205110218,2,2,0,0
270430205110218,2,3,0,0
270430205110218,2,4,0,0
270430205110218,2,5,0,0
270430205110218,2,6,0,0
270430205110218,2,7,0,0
270430205110218,2,8,0,0
270430205110218,2,9,0,0
270430205110218,3,1,0,0
270430205110218,3,2,0,0
270430205110218,3,3,0,0
270430205110218,4,1,0,0
270430205110218,4,2,0,0
270430205110218,4,3,0,0
270430205110218,5,1,0,0
270430205110218,6,1,0,0
270430205110218,7,1,0,0
270430205110220,15,1,1,0
270430205110221,14,2,1,0
270430205110231,3,6,1,1
270430205110238,17,3,3,3
270430205110240,11,4,2,2
270430205110250,1,137,0,0
270430205110251,1,91,0,0
270430205110251,12,3,5,3
270430205110253,1,10,1,1
270430205110253,1,12,1,1
270430205110259,11,1,0,0
270430205110260,3,2,0,0
270430205110260,3,6,0,0
270430205110260,14,5,0,0
270430205110265,6,5,28,28
270430205110265,6,6,0,0
270430205110265,6,7,9,9
270430205110265,6,8,24,23
270430205110265,12,4,0,0
270430205120009,6,4,0,0
270430205120017,4,4,0,0
270430205120017,11,1,0,0
270430205120017,12,1,2,0
270430205120017,12,2,1,0
270430205120017,13,1,3,0
270430205120017,13,2,2,2
270430205120017,13,3,6,6
270430205120017,14,1,4,0
270430205120017,14,2,0,0
270430205120017,14,3,12,10
270430205120017,14,4,0,0
270430205120017,14,5,0,0
270430205120017,14,6,5,1
270430205120017,15,1,13,13
270430205120017,15,2,1,1
270430205120017,15,3,9,9
270430205120017,15,4,3,2
270430205120017,16,1,10,8
270430205120017,16,2,4,4
270430205120017,16,3,0,0
270430205120017,17,1,1,1
270430205120017,17,2,2,2
270430205120017,18,1,0,0
270430205120017,18,2,0,0
270430205120017,18,3,5,0
270430205120017,19,1,0,0
270430205120017,19,2,0,0
270430205120017,19,4,0,0
270430205120026,7,3,0,0
270430205120026,7,4,0,0
270430205120026,8,1,0,0
270430205120026,8,2,0,0
270430205120077,4,21,12,10
270430205120107,3,9,0,0
270430205120123,6,3,0,0
270430205120128,3,1,8,7
270430205120135,2,8,0,0
270430205120162,18,3,0,0
270430205120183,4,1,0,0
270430205120183,5,2,0,0
270430205120186,6,2,1,1
270430205120187,5,1,1,1
270430205120211,3,2,2,0
270430205120211,3,3,0,0
270430205120265,10,3,0,0
270430205120305,1,1,0,0
270430205120335,1,1,0,0
270430205120336,1,3,0,0
270430205120370,42,1,0,0
270430205120386,1,1,0,0
270430205130031,4,11,6,5
270450010000043,1,1,26,23
270450010000043,2,1,41,35
270450010000045,18,7,0,0
270450010000045,22,1,1,1
270450010000046,1,2,0,0
270450010000046,2,4,0,0
270450010000046,3,1,1,1
270450010000046,3,3,0,0
270450010000046,23,4,0,0
270450010000046,24,2,1,0
270450010000046,27,2,0,0
270470805000007,1,4,14,11
270470805000009,3,2,0,0
270470805000009,3,3,0,0
270470805000009,3,4,0,0
270470805000009,11,2,0,0
270470805000009,11,3,0,0
270470805000009,11,4,0,0
270470805000010,4,5,23,20
270470805000019,1,17,1,1
270470805000024,7,2,0,0
270470805000024,7,3,0,0
270470805000024,11,2,0,0
270470805000024,11,3,1,0
270470805000024,11,4,1,0
270470805000044,7,2,0,0
270470805000044,7,3,1,0
270470805000046,4,8,0,0
270470805000046,16,2,0,0
270470805000046,16,3,1,0
270470805000046,16,4,0,0
270470805000054,3,3,2,2
270470805000055,2,2,2,0
270470805000055,2,3,1,0
270470805000055,2,4,0,0
270470805000055,8,2,0,0
270470805000055,8,3,0,0
270470805000058,1,2,0,0
270470805000058,1,3,0,0
270470805000058,1,4,0,0
270470805000059,1,2,0,0
270470805000059,1,3,0,0
270470805000059,1,4,0,0
270470805000060,1,2,0,0
270470805000060,1,3,0,0
270470805000060,1,4,0,0
270470805000063,16,2,8,7
270470805000063,16,6,4,4
270470805000071,11,8,2,0
270470805000071,11,12,5,5
270470805000076,4,1,0,0
270470805000076,4,2,0,0
270470805000076,4,3,0,0
270470805000076,4,4,0,0
270470805000076,15,1,0,0
270470805000076,15,2,0,0
270470805000076,15,3,0,0
270470805000076,20,2,0,0
270470805000076,20,3,0,0
270470805000076,23,5,0,0
270470805000076,23,6,0,0
270470805000081,2,2,0,0
270470805000081,2,3,0,0
270470805000081,2,4,0,0
270470805000081,37,2,0,0
270470805000081,37,3,0,0
270470805000081,37,4,0,0
270470805000087,1,4,0,0
270470805000087,1,8,1,1
270470805000087,1,12,1,1
270470805000087,1,16,2,2
270470805000087,1,20,1,1
270470805000087,1,24,1,1
270470805000087,1,28,1,1
270470805000095,14,2,0,0
270470805000095,14,3,0,0
270470805000101,9,2,0,0
270470805000106,16,2,0,0
270470805000106,16,3,0,0
270470805000106,17,2,0,0
270470805000106,17,3,0,0
270480705000007,10,3,0,0
270480705000007,11,2,6,6
270480705000007,13,5,1,1
270480705000007,17,4,2,0
270480705000008,1,4,10,8
270480705000008,14,5,0,0
270480705000010,1,1,2,0
270480705000010,3,1,9,7
270480705000010,3,2,11,6
270480705000010,3,3,9,7
270480705000010,3,4,9,7
270480705000010,5,1,55,46
270480705000010,5,2,10,10
270480705000010,5,3,8,8
270480705000010,5,4,0,0
270480705000010,6,2,3,3
270480705000010,9,1,8,7
270480705000010,10,1,0,0
270480705000010,11,1,0,0
270480705000010,12,1,0,0
270480705000021,3,2,12,4
270480705000021,3,5,1,0
270480705000021,8,3,0,0
270480705000021,8,4,0,0
270490605000001,4,2,0,0
270490605000001,8,5,4,0
270490605000001,13,1,1,0
270490605000001,13,2,0,0
270490605000001,13,3,0,0
270490605000001,13,4,0,0
270490605000001,14,1,0,0
270490605000005,8,11,0,0
270500205000003,4,10,0,0
270500205000003,6,1,4,3
270500205000003,6,13,7,5
270500205000003,6,16,13,9
270500205000003,10,1,0,0
270500205000003,16,2,4,4
270500205000003,16,4,0,0
270500205000003,17,4,0,0
270500205000003,17,6,0,0
270500205000003,18,9,0,0
270500205000003,19,3,0,0
270500205000003,19,13,4,3
270500205000004,1,2,0,0
270500205000004,1,3,0,0
270500205000004,2,3,4,2
270500205000010,3,5,0,0
270500205000010,8,2,0,0
270500205000010,8,3,0,0
270500205000010,8,4,0,0
270500205000010,10,1,0,0
270500205000027,9,2,0,0
270500205000027,9,3,0,0
270500205000027,13,2,0,0
270500205000027,13,3,0,0
270500205000028,5,1,1,1
270500205000028,5,2,15,12
270500205000028,6,1,8,6
270500205000029,21,5,0,0
270500205000037,2,2,0,0
270500205000037,7,2,9,9
270500205000037,10,3,1,0
270500205000037,33,1,3,2
270500205000037,33,2,4,3
270500205000037,33,3,5,4
270500205000037,33,4,1,1
270500205000037,34,1,5,4
270500205000037,34,3,1,1
270500205000037,35,2,5,4
270500205000038,9,3,9,8
270500205000038,9,4,20,20
270500205000038,9,5,12,10
270500205000039,7,6,2,0
270500205000039,10,2,0,0
270500205000039,10,3,0,0
270500205000039,10,4,0,0
270500205000039,11,2,0,0
270500205000039,11,3,0,0
270500205000039,11,4,0,0
270500205000058,8,3,4,3
270500205000061,1,3,0,0
270500205000061,8,2,0,0
270500205000061,8,3,0,0
270550705000030,18,7,1,1
270550705000030,18,8,1,1
270560605000001,1,2,0,0
270560605000001,1,3,0,0
270560605000001,1,4,0,0
270560605000001,2,2,0,0
270560605000001,2,3,0,0
270560605000001,2,4,0,0
270560605000001,7,2,0,0
270560605000001,7,3,0,0
270560605000003,4,8,0,0
270560605000003,4,11,0,0
270560605000004,2,2,0,0
270560605000004,3,3,2,2
270560605000004,5,9,0,0
270560605000004,5,10,4,3
270560605000012,1,2,0,0
270560605000012,6,2,0,0
270560605000012,8,3,22,18
270560605000012,8,4,0,0
270560605000012,10,1,0,0
270560605000012,11,2,0,0
270560605000012,12,2,0,0
270560605000012,12,3,0,0
270560605000013,2,4,3,3
270560605000013,3,1,0,0
270560605000013,3,2,0,0
270560605000013,3,3,0,0
270560605000013,3,4,0,0
270560605000013,6,1,0,0
270560605000013,6,2,0,0
270560605000013,12,3,0,0
270560605000013,12,4,0,0
270560605000015,13,1,0,0
270560605000016,13,3,0,0
270560605000019,9,2,7,7
270560605000021,1,2,5,5
270560605000021,2,1,6,6
270560605000024,1,2,5,5
270560605000024,1,3,0,0
270580405000001,3,5,0,0
270580405000003,4,1,0,0
270580405000003,4,2,0,0
270580405000003,4,3,0,0
270580405000008,1,1,41,37
270580405000008,2,1,44,35
270580405000009,3,4,2,2
270580405000009,9,14,1,1
270580405000009,10,1,0,0
270580405000020,3,5,0,0
270630705000024,1,2,3,3
270630705000024,1,4,10,9
270630705000077,15,3,1,1
270630705000128,1,1,36,34
270630705000128,9,10,16,16
270630705000145,1,3,0,0
270630705000147,3,1,0,0
270630705000162,1,1,1,1
270630705000174,2,4,0,0
270630705000183,1,4,0,0
270630705000207,15,5,0,0
270630705000207,20,2,0,0
270630705000207,21,11,0,0
270630705000207,26,4,1,0
270630705000207,40,7,1,0
270630705000207,48,16,3,3
270630705000207,68,3,0,0
270630710000010,1,3,0,0
270630715000001,1,3,4,3
270630715000002,3,15,3,3
270630715000008,3,4,0,0
270630715000008,4,4,3,3
270630715000008,5,1,0,0
270630715000008,5,4,0,0
270642205000013,3,2,2,0
270642205000015,1,2,4,3
270642205000015,1,3,1,1
270642205000015,1,8,0,0
270642205000015,5,4,1,1
270642205000015,5,6,0,0
270642205000015,8,4,1,0
270642205000015,11,3,0,0
270642205000015,11,6,0,0
270642205000015,11,7,0,0
270642205000025,4,2,2,2
270642205000025,6,2,16,13
270642205000039,1,1,6,6
270642205000044,3,5,0,0
270642205000044,8,8,0,0
270644805000001,1,7,0,0
270644805000002,6,24,0,0
270644805000007,1,2,0,0
270644805000007,4,2,0,0
270644805000007,4,3,0,0
270644805000007,5,1,0,0
270644805000007,5,2,0,0
270644805000007,6,1,0,0
270644805000007,6,2,0,0
270644805000007,10,1,6,6
270644805000011,2,1,10,7
270644805000011,3,1,0,0
270644805000011,3,5,0,0
270644805000011,3,14,0,0
270644805000011,4,1,0,0
270644805000011,4,20,0,0
270644805000011,4,21,0,0
270644805000011,4,22,0,0
270644805000011,4,23,0,0
270644805000011,5,1,0,0
270644805000011,5,2,0,0
270644805000011,6,1,0,0
270644805000017,2,2,0,0
270644805000017,3,88,0,0
270644805000017,3,94,0,0
270644805000017,3,95,0,0
270644805000017,3,96,0,0
270644805000017,3,97,0,0
270644805000017,3,98,1,1
270644805000017,3,99,0,0
270644805000017,3,101,0,0
270644805000017,3,106,0,0
270644805000017,3,107,0,0
270644805000017,3,110,0,0
270644805000017,3,112,0,0
270644805000017,3,115,0,0
270644805000017,3,117,0,0
270644805000017,3,126,0,0
270644805000017,4,7,3,3
270644805000018,34,1,3,0
270644805000024,5,6,0,0
270644805000024,6,27,0,0
270644805000028,4,3,0,0
270660405000002,10,2,0,0
270660405000002,11,2,0,0
270660405000002,12,2,0,0
270660405000002,13,2,0,0
270660405000003,3,3,11,5
270660405000003,5,4,11,5
270660405000003,19,2,0,0
270660405000004,2,7,0,0
270660405000004,3,1,3,3
270660405000004,4,4,0,0
270660405000007,1,3,0,0
270660405000007,14,4,0,0
270660405000008,1,4,0,0
270660405000008,11,8,13,12
270660405000012,1,1,0,0
270660405000012,3,2,0,0
270660405000016,1,10,1,0
270670305000045,3,1,1,1
270670305000045,3,2,0,0
270670305000045,4,1,0,0
270670305000045,4,2,0,0
270670305000045,5,1,0,0
270670305000045,5,2,0,0
270670305000045,14,1,0,0
270670305000045,15,1,0,0
270670305000045,16,1,0,0
270670305000045,17,1,0,0
270700805000004,13,2,14,13
270700805000004,13,3,9,7
270710705000001,6,2,1,1
270710705000003,2,3,0,0
270710705000003,3,3,0,0
270710705000005,6,6,0,0
270710705000008,1,4,6,6
270710705000008,1,7,0,0
270710705000008,13,1,0,0
270710705000008,13,4,0,0
270710705000008,26,4,9,3
270710710000012,1,2,3,3
270710710000012,3,2,0,0
270710710000012,3,5,0,0
270710710000012,4,1,0,0
270710710000013,10,2,0,0
270710710000016,9,2,9,8
270710710000016,10,1,9,9
270710710000016,10,2,1,0
270710710000016,10,3,3,1
270710710000016,16,5,8,5
270710710000016,17,1,22,20
270710710000016,17,2,0,0
270710710000019,10,1,24,21
270710710000019,10,3,7,7
270710710000019,15,1,5,5
270710710000019,15,3,0,0
270710710000019,16,1,5,4
270710710000019,16,3,2,1
270710710000019,17,1,2,1
270710710000019,17,3,3,3
270710710000020,9,2,3,3
270710710000021,8,1,0,0
270710710000021,8,6,0,0
270710710000021,13,1,2,2
270710710000021,13,2,3,3
270710710000021,13,4,9,9
270710710000021,14,2,1,1
270710710000021,14,3,9,9
270710710000021,14,5,16,16
270710710000021,15,1,10,10
270710710000021,15,2,13,13
270710710000021,15,3,1,0
270760205000008,2,7,1,0
270760205000008,3,1,3,3
270760205000025,24,2,0,0
270760205000025,24,4,0,0
270760205000025,29,1,1,1
270760205000025,29,2,0,0
270760205000025,30,1,0,0
270760205000026,10,4,0,0
270760205000026,10,5,0,0
270770105000088,10,3,0,0
270770105000088,15,2,0,0
270770105000088,15,3,0,0
270770105000088,19,1,2,1
270770105000088,19,2,1,1
270770105000088,19,3,0,0
270770105000088,19,5,4,4
270770105000088,20,3,6,6
270770105000088,21,3,0,0
270770105000088,21,4,16,16
270770105000088,21,5,5,4
270770105000088,22,4,5,4
270770105000088,23,3,15,14
270770105000088,23,4,0,0
270770105000088,24,2,17,17
270770105000088,24,3,0,0
270770105000088,24,4,16,16
270770105000088,24,5,1,1
270770105000088,25,1,15,15
270770105000088,25,2,0,0
270770105000088,25,3,16,15
270770105000088,25,4,1,0
270770105000088,26,1,16,16
270770105000088,26,2,0,0
270770105000088,26,3,15,15
270770105000088,27,1,16,16
270770105000088,27,2,1,1
270770105000088,27,3,15,15
270770105000088,27,4,1,1
270770105000088,28,1,15,15
270770105000088,28,2,2,1
270770105000088,28,3,15,15
270770105000088,28,4,0,0
270770105000088,29,1,15,15
270770105000088,29,2,3,3
270770105000088,29,3,15,15
270770105000088,29,4,0,0
270770105000088,30,1,17,16
270770105000088,30,2,0,0
270770105000088,30,3,17,16
270770105000088,30,4,0,0
270770105000088,31,1,7,5
270770105000088,31,2,0,0
270770105000088,31,3,6,6
270770105000088,31,4,0,0
270770105000088,32,1,0,0
270770105000088,32,2,0,0
270770105000088,32,3,0,0
270770105000088,32,4,0,0
270770105000088,33,1,0,0
270770105000088,33,2,24,24
270770105000088,33,3,0,0
270770105000088,33,4,3,3
270770105000088,34,1,0,0
270770105000088,34,2,22,22
270770105000088,34,3,0,0
270770105000088,34,4,0,0
270780005000001,6,4,3,2
270780005000001,7,3,1,0
270780005000004,6,3,5,3
270780005000012,1,1,6,3
270780005000013,1,2,16,15
270780005000013,9,3,1,1
270780005000014,5,4,3,3
270780005000014,9,1,10,9
270860005000003,2,2,1,1
270860005000010,2,3,11,9
270860005000015,11,6,10,6
270860005000019,29,3,1,1
270860005000019,29,6,1,1
270860005000041,4,4,3,3
270860005000041,4,9,2,2
270860005000041,13,2,0,0
270860005000041,13,3,1,0
270860005000041,13,4,0,0
270860005000041,15,1,0,0
270860005000041,15,2,0,0
270860005000041,16,2,0,0
270860005000041,16,3,1,0
270860005000041,16,4,0,0
270860005000041,16,5,0,0
270860005000057,6,3,0,0
270860005000057,6,4,0,0
270860005000057,15,4,1,0
270860005000060,19,3,1,0
270860005000064,35,2,2,2
270860005000064,38,2,1,0
270860005000064,39,3,14,12
270860005000076,13,2,1,0
270860005000099,42,2,1,0
270860005000101,134,3,1,0
270860005000101,136,6,1,0
270890705000001,9,2,0,0
270890705000004,5,8,0,0
270890705000004,6,4,0,0
270890705000004,8,7,0,0
270890705000004,8,8,0,0
270890705000007,13,1,0,0
270890705000012,2,2,3,1
270890705000013,14,3,3,3
270890705000014,10,1,16,15
270915205000002,4,4,0,0
270915205000002,7,4,8,2
270915205000004,3,2,0,0
270915205000004,3,3,0,0
270915205000004,3,4,1,0
270915205000005,5,2,0,0
270915205000005,5,4,0,0
270915205000005,14,2,5,3
270915205000008,2,2,1,0
270915205000008,2,3,3,0
270915205000008,2,4,0,0
270915205000015,1,1,0,0
270915205000015,1,2,0,0
270915205000015,1,3,0,0
270915205000015,2,2,1,0
270915205000015,2,3,0,0
270915205000015,2,4,0,0
270915205000015,8,1,0,0
270915205000015,8,2,0,0
270915205000015,8,3,0,0
270915205000015,8,4,0,0
270915205000015,14,2,0,0
270915205000015,14,3,0,0
270915205000018,1,7,0,0
270915205000018,1,8,0,0
270915205000021,5,1,3,2
270915205000023,1,23,0,0
270915205000023,1,24,0,0
270915205000025,1,9,0,0
270915205000026,4,1,0,0
270915205000039,1,1,0,0
270915205000039,1,2,0,0
270915205000039,1,3,0,0
270915205000039,1,4,0,0
270915205000042,13,2,1,0
270915205000042,13,3,0,0
270915205000042,13,4,0,0
270915205000043,9,2,0,0
270915205000043,9,3,0,0
270915205000043,9,4,0,0
270915205000044,7,2,0,0
270915205000046,1,2,0,0
270915205000046,2,3,0,0
270915205000046,3,1,0,0
270915205000053,3,3,0,0
270915205000053,5,3,0,0
270915205000053,19,4,0,0
270915205000054,4,6,0,0
270915205000054,4,9,0,0
270915205000055,1,4,0,0
270915205000055,1,53,0,0
270915205000063,6,2,0,0
270915205000063,6,3,0,0
270915205000063,6,5,0,0
270915205000063,6,19,0,0
270915205000063,17,1,0,0
270915205000063,17,2,0,0
270915205000063,18,1,0,0
270915205000066,2,11,0,0
270915205000066,2,12,0,0
270915205000066,11,7,0,0
270915205000066,11,8,0,0
270915205000066,22,5,0,0
270915205000066,24,2,0,0
270915205000066,30,4,0,0
270915205000068,15,1,2,1
270915205000069,15,3,0,0
270915205000069,16,2,0,0
270915205000069,16,3,0,0
270915205000069,18,2,0,0
270915205000069,18,3,0,0
270915205000069,34,1,0,0
270915205000072,1,5,0,0
270915205000072,1,6,0,0
270915205000072,1,7,0,0
270915205000072,1,8,0,0
270915205000072,1,9,0,0
270915205000072,1,10,0,0
270915205000072,9,1,3,3
270915205000072,12,1,0,0
270915205000072,12,2,0,0
270915205000072,12,3,0,0
270915205000072,12,4,0,0
270915205000072,13,1,0,0
270915205000072,13,2,0,0
270915205000072,13,3,0,0
270915205000072,14,1,0,0
270915205000072,14,2,0,0
270915205000072,14,3,0,0
270915205000072,14,4,0,0
270915205000072,15,2,0,0
270915205000072,16,1,0,0
270915205000072,16,2,0,0
270915205000072,16,3,0,0
270915205000072,16,4,0,0
270915205000072,17,1,0,0
270915205000072,17,2,0,0
270915205000072,17,3,0,0
270915205000072,18,1,0,0
270915205000072,18,2,0,0
270915205000072,18,3,0,0
270915205000072,18,4,0,0
270920205000013,9,2,0,0
270920205000013,9,3,0,0
270920205000013,9,4,0,0
270920205000013,10,1,0,0
270920205000013,10,2,0,0
270920205000013,10,3,0,0
270920205000013,10,4,0,0
270920205000036,4,2,0,0
270920205000049,4,10,0,0
270920205000050,18,2,0,0
270920205000050,18,3,0,0
270920205000050,18,4,0,0
270920205000072,1,2,0,0
270930105000001,5,2,0,0
270930105000001,5,3,0,0
270930105000001,11,2,1,0
270930105000001,11,3,0,0
270930105000001,11,4,0,0
270930105000004,1,6,5,5
270930105000004,2,6,13,11
270930105000004,3,1,2,2
270930105000004,3,2,10,10
270930105000004,3,6,13,11
270930105000006,2,2,0,0
270930105000008,1,1,30,23
270930105000009,4,4,0,0
270930105000009,5,8,0,0
270930105000009,12,1,0,0
270930105000009,15,1,0,0
270930105000009,18,1,0,0
270930105000009,21,1,0,0
270930105000010,9,15,33,33
270930105000010,10,2,0,0
270930105000010,12,2,1,0
270930105000010,12,3,0,0
270930105000010,12,4,0,0
270930105000012,3,2,0,0
270930105000012,3,3,2,2
270930105000013,2,1,0,0
270930105000013,3,3,0,0
270930105000013,4,6,0,0
270930105000013,5,7,0,0
270930105000013,5,9,0,0
270930105000013,5,11,0,0
270930105000016,4,2,0,0
270930105000016,4,3,0,0
270930105000016,4,4,0,0
270930105000017,16,2,0,0
270930105000017,16,3,0,0
270930105000029,5,2,0,0
270930105000029,5,3,0,0
270930105000029,5,4,1,0
270930105000031,6,3,0,0
270930105000037,6,11,0,0
270930105000057,1,2,8,8
270930105000059,6,2,0,0
270930105000059,6,3,0,0
270930105000059,6,4,0,0
270930105000060,5,2,0,0
270930105000060,5,3,0,0
270930105000060,5,4,0,0
270930105000068,1,6,0,0
270930105000068,1,19,5,4
270930105000069,13,22,0,0
270930105000071,1,3,0,0
270930105000072,1,1,0,0
270930105000072,1,2,0,0
270930105000072,1,3,0,0
270930105000072,1,4,0,0
270930105000072,1,5,0,0
270930105000072,1,6,0,0
270930105000072,1,7,4,2
270930105000072,1,8,1,1
270930105000072,2,1,0,0
270930105000072,2,2,0,0
270930105000072,2,3,0,0
270930105000072,2,4,0,0
270930105000072,3,1,0,0
270930105000072,3,2,0,0
270930105000072,3,3,0,0
270930105000072,3,4,0,0
270930105000072,4,1,0,0
270930105000072,4,2,0,0
270930105000072,4,3,0,0
270930105000072,4,4,0,0
270930105000072,5,1,0,0
270930105000072,5,2,0,0
270930105000072,5,3,0,0
270930105000072,5,4,0,0
270930105000072,6,1,0,0
270930105000072,6,2,0,0
270930105000072,6,3,0,0
270930105000072,6,4,0,0
270930105000072,7,1,0,0
270930105000072,7,2,0,0
270930105000072,7,3,0,0
270930105000072,7,4,0,0
270930105000072,8,1,0,0
270930105000072,8,2,0,0
270930105000072,8,3,0,0
270930105000072,8,4,0,0
270930105000072,9,1,0,0
270930105000072,9,2,0,0
270930105000072,9,3,0,0
270930105000072,9,4,0,0
270930105000072,10,1,0,0
270930105000072,10,2,0,0
270930105000072,11,1,0,0
270930105000074,7,2,0,0
270930105000074,7,3,0,0
270930105000074,13,1,0,0
270930105000074,13,2,0,0
270930105000074,13,3,0,0
270930105000075,1,7,0,0
270930105000075,1,8,0,0
270930105000079,1,6,0,0
270930105000082,7,2,0,0
270930105000082,7,3,0,0
270930105000082,7,4,0,0
270930105000082,12,1,0,0
270930105000082,13,1,0,0
270930105000083,1,2,0,0
270930105000083,7,2,1,0
270930105000083,7,3,0,0
270930105000083,7,4,0,0
270930105000084,12,2,0,0
270930105000084,13,1,0,0
270930105000084,15,1,0,0
270930105000087,5,1,0,0
270930105000090,2,1,0,0
270930105000090,2,2,0,0
270930105000090,2,3,0,0
270930105000090,2,4,0,0
270930105000090,3,1,0,0
270930105000090,3,2,0,0
270930105000090,3,3,0,0
270930105000090,3,4,0,0
270930105000090,4,1,0,0
270930105000090,4,2,0,0
270930105000090,4,3,0,0
270930105000090,5,1,0,0
270930105000090,5,2,0,0
270930105000090,5,3,0,0
270930105000090,5,4,0,0
270930105000090,6,1,0,0
270930105000090,6,2,0,0
270930105000090,6,3,0,0
270930105000090,6,4,0,0
270930105000090,7,1,0,0
270930105000090,7,2,0,0
270930105000090,7,3,0,0
270930105000090,7,4,0,0
270930105000090,8,1,0,0
270930105000090,8,2,0,0
270930105000090,8,3,0,0
270930105000090,8,4,0,0
270930105000090,9,1,0,0
270930105000090,9,2,0,0
270930105000090,9,3,0,0
270930105000090,9,4,0,0
270930105000090,10,1,0,0
270930105000090,10,2,0,0
270930105000090,10,3,0,0
270930105000090,10,4,0,0
270930105000090,11,1,0,0
270930105000090,11,2,0,0
270930105000090,11,3,0,0
270930105000097,6,3,0,0
270930105000097,6,7,5,4
270930110000001,5,2,0,0
270930110000001,5,3,1,0
270930110000001,5,4,0,0
270930110000001,6,2,0,0
270930110000001,6,3,0,0
270930110000001,6,4,0,0
270930110000001,7,7,0,0
270930110000001,7,8,0,0
270930110000001,9,2,0,0
270930110000001,9,3,0,0
270930110000001,9,4,0,0
270930110000002,1,8,0,0
270930110000002,1,9,0,0
270930110000002,1,13,7,0
270930110000002,1,14,1,0
270930110000002,1,15,0,0
270930110000002,3,2,0,0
270930110000002,3,3,1,0
270930110000002,3,4,3,0
270930110000023,4,2,0,0
270930110000025,1,2,0,0
270930110000025,1,11,0,0
270930110000025,1,12,0,0
270930110000026,1,11,0,0
270930110000026,1,12,0,0
270930110000026,1,14,0,0
270940005000003,9,4,0,0
270940005000003,9,5,5,5
270940005000005,15,5,1,0
270940005000005,15,6,3,2
270940005000005,17,4,6,1
270940005000008,2,6,3,2
270940005000008,2,9,14,13
270940005000010,5,2,0,0
270940005000013,11,1,0,0
270940005000014,1,2,0,0
270940005000014,1,3,0,0
270940005000014,6,1,0,0
270940005000020,2,3,3,3
270940005000020,4,1,11,11
270940005000020,4,3,14,13
270940005000021,7,2,20,19
270940005000021,7,4,13,12
270940005000022,9,2,2,0
270940005000024,1,4,0,0
270940005000024,4,2,0,0
270940005000024,8,6,15,14
270940005000036,17,1,0,0
270940005000037,1,4,0,0
270940005000037,1,7,1,0
270940005000037,1,9,1,0
270940005000044,4,3,1,0
270940005000044,4,6,4,4
